"","ID_2","X_1","Y_1"
"1",1,-91.0910322157619,30.4832411522969
"2",3,-96.807339,32.767733
"3",4,-96.6840690048342,32.9092595020629
"4",5,-111.905957304258,40.5879830221391
"5",6,-111.922291475087,40.764458630372
"6",7,-111.861546397112,41.7356764571926
"7",8,-110.812938652407,39.5862249963229
"8",9,-112.083251402125,38.7861780583847
"9",10,-113.563804083161,37.1097893868025
"10",11,-104.678442629132,39.8334431241912
"11",12,-121.061069147541,39.2018676229508
"12",13,-119.03943436326,35.3175582850525
"13",14,-119.761894,36.706887
"14",15,-122.114690866274,37.6302331622781
"15",16,-121.28550569701,37.9903368123145
"16",17,-122.766853107776,38.428096604523
"17",18,-121.388514126726,38.5251434491468
"18",19,-117.05329242677,32.6392042070594
"19",20,-117.036021437243,32.9745610137167
"20",21,-117.225396279067,33.8627573735728
"21",22,-118.465960066883,34.0289808229745
"22",23,-118.016116594861,34.0291259411902
"23",24,-118.500205,34.208433
"24",25,-117.881169507927,34.0862341587225
"25",26,-117.830279,34.003797
"26",27,-116.396893301869,33.8109924861727
"27",28,-117.767297416303,33.6721099931654
"28",29,-118.147097152819,34.6529902604681
"29",30,-115.125545008607,36.217714072805
"30",31,-118.377349,33.941383
"31",32,-112.133931240107,33.6012974050718
"32",33,-121.812685097083,39.7141484579533
"33",34,-121.975307445221,38.3507155592948
"34",35,-116.8767,33.921738
"35",36,-117.627643267343,34.0471455873154
"36",37,-117.584210690347,34.0412075308581
"37",38,-119.335699866454,36.1692905138709
"38",39,-117.332289129413,34.506897975611
"39",40,-119.428203862121,36.5895841162159
"40",41,-119.244334702524,35.7485562251535
"41",42,-117.297705388807,34.5400670864816
"42",43,-106.627296961737,35.0911588906217
"43",44,-122.046765407488,37.9799334468019
"44",45,-97.0405292070274,32.876736109835
"45",46,-118.11737128589,33.8892581460508
"46",47,-121.926759,37.370605
"47",48,-111.642533,40.188158
"48",49,-111.995901350639,40.6070614778522
"49",50,-111.98577,40.772554
"50",51,-111.725075259298,40.3463545476359
"51",52,-111.804248,41.742584
"52",53,-111.95675,40.667608
"53",54,-111.958108,40.712254
"54",55,-111.905446,40.674511
"55",56,-117.572462256286,33.8807030898971
"56",57,-117.415292706195,33.9298716535278
"57",58,-122.398535768696,37.6331957676145
"58",59,-117.923974067646,34.1335404953516
"59",60,-117.865214732919,33.864180656034
"60",61,-118.134705709535,34.6884293180938
"61",62,-110.926016013255,32.1231703258753
"62",63,-116.45745055706,34.1164904828139
"63",64,-122.307927775521,37.8813134163749
"64",65,-119.31412459862,36.3562985483203
"65",66,-121.958163443865,37.3804608327849
"66",67,-111.733907851285,40.3075713575427
"67",68,-117.078805045888,34.8858979342007
"68",69,-110.946011795689,32.2152472575896
"69",70,-118.135168185929,34.5958500986742
"70",71,-99.4049191172032,35.4057938794004
"71",72,-118.605875507833,34.2099135097332
"72",73,-118.284312245388,33.8079798883711
"73",74,-97.7380302807444,30.2157088574769
"74",75,-94.0971961692625,30.0788431993807
"75",76,-118.162667610707,33.8120131188471
"76",77,-117.867382627611,33.7038458034809
"77",78,-122.194867748919,37.7463110876169
"78",79,-122.282358107336,37.8015663423987
"79",80,-120.487335985278,37.2984031357269
"80",81,-119.002171867246,35.3482523017782
"81",82,-117.288348510719,34.0920967899567
"82",83,-117.457510021598,33.9562794597349
"83",84,-112.052964878107,41.4850174593821
"84",85,-111.899104358417,40.8842389401149
"85",86,-117.995976065104,33.7155811527464
"86",87,-118.439254340698,34.2842706304052
"87",88,-118.255893886098,34.1216730061711
"88",89,-97.0695980071403,36.1450705316471
"89",90,-117.922338018081,34.0086983029961
"90",91,-118.375861226955,34.0594386821789
"91",92,-97.532532,35.523326
"92",93,-119.333720250448,35.5968664220837
"93",94,-117.674854952164,33.5471626321326
"94",95,-118.221994706956,33.7825991061892
"95",96,-119.039355598583,36.0758104380186
"96",97,-117.575356934427,34.0610662045674
"97",98,-97.4294460451905,27.73205636497
"98",99,-113.435169823798,37.1604846987715
"99",100,-97.6401288953206,35.6093850422614
"100",101,-96.6974927446921,34.7731560257707
"101",102,-117.874574553142,33.8060733582166
"102",103,-111.989999169023,40.7405268317407
"103",104,-113.581201458504,37.0856608016167
"104",105,-109.499530734384,40.4334055771284
"105",106,-112.012120664127,41.2283071050178
"106",107,-104.679891407947,40.4127111163149
"107",108,-104.810776739971,40.1157328168389
"108",109,-104.564388820174,40.3929326747523
"109",110,-112.113981085009,39.2527475663249
"110",111,-93.7146644955543,32.5284536466195
"111",112,-94.4350808344403,35.3546999939398
"112",113,-97.5983564849274,34.823800362913
"113",114,-97.6197360282657,35.4643046999127
"114",115,-97.5116133160331,35.4932087848875
"115",116,-95.8546921962103,36.2640385368816
"116",117,-108.58058460378,39.0790666374538
"117",118,-93.671632,32.472631
"118",119,-106.892141758906,34.0476139011204
"119",120,-111.915378944033,40.7255822389046
"120",121,-113.497707661105,37.1430961551012
"121",122,-96.8965792890213,32.8082369595175
"122",123,-92.3900080451034,35.3822087637177
"123",124,-104.979045789633,40.1617433980729
"124",125,-118.376851144796,33.9495304521154
"125",126,-117.380655638297,34.0231175334695
"126",127,-111.949248473643,41.1766968513558
"127",128,-118.34433026026,33.8483252674551
"128",129,-117.85335213389,33.7268057346971
"129",130,-95.002125,35.920334
"130",131,-111.41324714587,40.4928584551845
"131",132,-121.366017580916,38.3805920579202
"132",133,-118.031944940247,34.0302294624631
"133",134,-93.715603,32.028323
"134",135,-92.5198338403773,31.3454798486793
"135",136,-94.9903285115417,35.8534256762562
"136",137,-117.018394,32.607449
"137",138,-91.9906148126806,30.1840469192313
"138",139,-90.2629622670013,29.9834407947302
"139",140,-93.7660678466731,32.4818308428158
"140",141,-93.8636477108252,32.4506298508098
"141",142,-97.4247344464274,35.435248194003
"142",143,-97.0513806756803,36.1066549773976
"143",144,-111.948707,41.038347
"144",145,-111.883553882231,40.5806657313569
"145",146,-98.6586940754885,35.5363120065523
"146",147,-97.4610402548638,35.247104422179
"147",148,-95.4085277509759,30.3318685875361
"148",149,-111.988250042331,40.5878642538142
"149",150,-111.658360742073,33.3297379257048
"150",151,-97.5840627825491,35.4642487116243
"151",152,-92.4104304334929,35.0912564554023
"152",153,-112.279514969418,38.1643794677972
"153",154,-98.4018322391549,34.7130288184752
"154",155,-111.77813911236,32.8794311797753
"155",156,-110.960096375823,32.1779080069921
"156",157,-97.6886999973663,35.4601013755852
"157",158,-97.1450312222746,33.7384611044173
"158",159,-95.495334165367,30.4376454046956
"159",160,-111.938867012393,40.670029142025
"160",161,-95.9950593395544,36.1304146026508
"161",162,-99.4275767149467,36.433604400715
"162",163,-99.3788540268202,35.4117417536708
"163",164,-98.4909942114333,36.2607287087829
"164",165,-97.489844683587,35.3202914278025
"165",166,-117.279193892255,33.9425718005259
"166",167,-117.993128783239,33.8638917222592
"167",168,-117.178087587932,32.7391203999591
"168",169,-95.1898945544527,29.6182432497974
"169",170,-119.795185164092,36.2877952363848
"170",171,-108.048539,39.45492
"171",172,-111.836123386524,40.38822369752
"172",173,-96.4264820539113,30.7261853047748
"173",174,-95.8011893159216,29.785398689293
"174",175,-95.776025,29.534459
"175",176,-117.688323,34.002247
"176",177,-97.5316192594385,35.6080063968957
"177",178,-97.0879113907961,32.6776587093285
"178",179,-117.951373229683,33.8760111500536
"179",180,-98.9676467046535,35.491244062897
"180",181,-97.9667886368018,34.5801018484726
"181",182,-94.6294581328777,35.8045522441651
"182",183,-92.4325946793118,35.106385210452
"183",184,-117.872768072647,33.6610498792553
"184",185,-116.358287375733,33.7579815326667
"185",186,-121.387153319899,38.5251529684484
"186",187,-97.318787,37.739319
"187",188,-97.1730459018811,31.5013445501014
"188",189,-96.8406222338926,32.642931390943
"189",190,-97.3194262316861,32.5991351604391
"190",191,-95.2700222300612,29.7987499697294
"191",192,-95.881146004223,29.7773210139352
"192",193,-94.6962487586442,32.4545848698146
"193",194,-97.2657646527915,35.3930125123802
"194",195,-96.4191683538231,32.9194471915422
"195",196,-99.1421982691026,28.7419968265913
"196",197,-90.5706345128555,35.8218293058382
"197",198,-117.487988631459,34.0606820228254
"198",199,-111.726714509535,40.2744440180664
"199",200,-111.498077038419,40.7312229058997
"200",201,-112.099924553517,33.6914735056958
"201",202,-114.595717635732,33.6031276445456
"202",203,-90.708286,29.588197
"203",204,-119.328435,36.1830881
"204",205,-91.9908276557422,32.4889442141636
"205",206,-107.768731269083,32.2673751016777
"206",207,-101.707015,35.192694
"207",208,-95.8888064906359,29.5616127316034
"208",209,-100.443536622888,32.4498010188758
"209",210,-105.120004490043,40.1499873530836
"210",211,-93.7655613969597,32.442008826041
"211",212,-97.2405146322655,32.6833902559826
"212",213,-95.5241534033806,29.9430180624312
"213",214,-101.761167292355,35.1926737236673
"214",215,-93.082432,31.753732
"215",217,-95.2548830678742,29.8134984755496
"216",218,-113.056430708458,37.7240901001739
"217",219,-112.238939312904,33.4371090006826
"218",220,-117.54423449736,34.0262593173749
"219",221,-99.009757556533,34.0706311088091
"220",222,-97.336683770394,32.8248740589645
"221",223,-99.1055819131653,30.0760398781143
"222",224,-117.494602731117,34.0701365532695
"223",225,-92.2628818867857,34.7426182601942
"224",226,-112.198247560923,33.437146737091
"225",227,-94.3845888320351,35.3381531555814
"226",228,-92.002299,30.209302
"227",229,-104.983026962466,39.8085285598491
"228",230,-93.2637148041615,31.1516901116941
"229",231,-94.7784267282166,36.5938937608653
"230",232,-118.150873095222,33.9974473176262
"231",233,-97.3143612869576,32.6274857439666
"232",234,-96.6523881413904,32.7886589317832
"233",235,-94.8045786622837,29.8299158844927
"234",236,-121.904726255507,37.3607269411835
"235",237,-121.289031954362,37.7896129684031
"236",238,-98.3603544607655,29.4452254960598
"237",239,-117.200865627898,34.0611657333668
"238",240,-117.8466665559,33.7454966155009
"239",241,-120.049664210718,36.9497411712642
"240",242,-100.922401479718,37.056116300237
"241",243,-95.3006623017898,32.35463456209
"242",244,-99.6319060918764,35.3099235801156
"243",245,-95.3357027119011,36.2495079126685
"244",246,-96.0950878294704,36.021201627952
"245",247,-94.3315590612108,32.1276224030032
"246",248,-96.3585800417016,36.1278858169312
"247",249,-104.499185,37.184246
"248",250,-97.5849382904308,35.5946244840501
"249",251,-101.443563886125,36.7071413874789
"250",252,-91.7325574216072,35.1991227615042
"251",253,-97.9600563762087,32.7012509298364
"252",254,-104.763331317041,39.7562096404592
"253",255,-99.4197210902532,35.4117076957804
"254",256,-106.744486419569,35.0721193772987
"255",257,-94.796003,32.501863
"256",258,-90.8165264046703,35.042382482422
"257",259,-120.653699153518,35.644418125825
"258",260,-106.7842199455,35.0632303151128
"259",261,-112.191724760336,35.2594747342181
"260",263,-96.9000247390008,32.7015468499248
"261",264,-96.8432705584793,32.6331870344911
"262",265,-107.773855548429,32.2673639944603
"263",267,-110.675022848081,35.016440395994
"264",268,-100.847555544578,37.9620796985992
"265",270,-95.8922752467227,36.1164805446205
"266",271,-108.167747186651,36.7191298267354
"267",272,-102.216342110719,31.9141311649131
"268",273,-97.3437383399405,36.5340837995092
"269",274,-118.209654142278,34.0151259046996
"270",275,-95.2656235384677,29.7918838688032
"271",276,-97.1462459549617,31.5090166351899
"272",277,-97.7040812687041,30.3329022764365
"273",278,-104.775862600013,38.8425045986972
"274",279,-104.772632456947,40.2855707244644
"275",280,-104.719700318071,38.9445501588121
"276",281,-90.1376875614609,35.153591774986
"277",282,-97.1666731746258,34.1858031080844
"278",283,-95.1192656232727,35.5275924449291
"279",284,-117.706204405609,33.6151359336182
"280",285,-95.4490661203361,29.035969762953
"281",286,-95.4814522765504,29.9656713633422
"282",287,-96.8498004467843,37.819841473383
"283",288,-95.4718080685761,29.8223157126774
"284",289,-97.0837094100954,32.8196918582038
"285",290,-91.9779114015657,35.0123929502656
"286",291,-97.4765954466845,35.1530672835514
"287",292,-116.303320409264,34.1350230615669
"288",293,-94.1189551987041,36.1668853948377
"289",294,-116.063736949132,34.1355176201181
"290",295,-112.024898823899,40.7183722467161
"291",296,-98.3860515779736,29.4225983384171
"292",297,-119.400046170137,35.3990433699936
"293",298,-106.344364147789,31.7964998221833
"294",299,-95.4118452814389,29.9310983671972
"295",300,-97.3128961581584,31.0814185506066
"296",301,-122.37793966184,37.6010593749748
"297",302,-104.868071831283,40.4065463226715
"298",303,-97.8989316203404,36.1116868441458
"299",304,-118.376168853487,33.9528704371349
"300",305,-102.169144242648,31.935425019772
"301",306,-120.475627796985,34.9542943845213
"302",307,-94.646657663037,35.0294068062274
"303",308,-117.191330117236,33.1440311363878
"304",309,-117.021432,32.770881
"305",310,-97.4881810916729,35.62089412453
"306",311,-95.8298208537335,36.1603002086734
"307",312,-117.611435335126,34.0634838788213
"308",313,-114.316585230655,34.7284612446472
"309",315,-98.4192803762255,35.8407719877514
"310",316,-104.711338586186,40.5246254924836
"311",317,-91.1611034290721,30.5256159838898
"312",318,-107.815156225845,39.5278784493842
"313",319,-95.9897121661537,31.2582229907692
"314",320,-100.906284516926,37.0686820292772
"315",321,-98.4711171239746,29.5186405475429
"316",322,-118.36928007416,33.9334650405915
"317",323,-122.2640023319,38.237378003035
"318",324,-97.4236000545463,35.3933505451705
"319",325,-97.4913378502671,35.3337873105483
"320",326,-97.4246981965323,35.6381927516563
"321",327,-97.7422487583696,35.4765168444693
"322",328,-120.451750662177,34.6606954783366
"323",329,-107.361413798014,39.5607945261365
"324",330,-98.2944876074208,29.4647846455777
"325",331,-95.2855611127816,29.628740622221
"326",332,-99.180350319339,28.6812174983841
"327",333,-118.123374,34.056775
"328",334,-98.360169124242,36.7399081850572
"329",335,-96.6710191715577,35.256550144614
"330",336,-97.565662986105,35.5080636323958
"331",337,-118.315383,33.836177
"332",338,-97.6542101486003,35.463156442226
"333",339,-117.188373481099,33.5530442995816
"334",340,-97.3924534103254,35.8780721532159
"335",341,-104.865144814471,39.7757363425029
"336",342,-119.393966,36.5311181
"337",343,-111.924655057468,40.7242359893185
"338",344,-94.7553037096055,34.0315062965743
"339",345,-98.3982956921686,34.5869768429676
"340",346,-97.9486551265078,35.5149520778611
"341",347,-99.4441022655586,27.769503361179
"342",348,-95.8890040660647,29.5629006057987
"343",349,-98.4123222976238,29.6012110660795
"344",350,-96.0157591562366,35.9010403188767
"345",351,-106.925311042636,38.5444432569116
"346",352,-97.8145910147245,30.096282620508
"347",353,-119.42146057255,36.589556427242
"348",354,-117.487977866016,34.0601615042224
"349",355,-95.4135354086712,29.6287874410944
"350",356,-97.4298919357237,27.7313420914958
"351",358,-95.8047617892589,36.1624323311437
"352",359,-98.0950976888137,37.6491338138665
"353",360,-117.940025217258,33.9173439940155
"354",361,-94.2317649224522,35.5400477387775
"355",362,-94.2263292697455,35.4877417149096
"356",363,-94.1198429630312,33.6623410391626
"357",364,-92.828427199568,35.218160113873
"358",365,-91.5615744270607,35.3214616286499
"359",366,-91.5615164178488,35.3234358283314
"360",367,-91.638790277414,35.7362467454921
"361",368,-91.6423392768083,35.7877706105285
"362",369,-92.4181006414265,35.4727460623535
"363",370,-91.9080875090339,35.0685399402451
"364",371,-92.7249327015768,34.4823326171156
"365",372,-92.5326392449494,34.6062563950591
"366",373,-94.1843416157837,36.3565164835643
"367",374,-94.2216536508181,36.3700396565515
"368",375,-91.0995164324166,36.1042042792615
"369",376,-89.9185377394431,35.8885013279544
"370",377,-89.8787374342065,35.9288830804213
"371",378,-89.9184883744458,35.8851285669154
"372",379,-94.0756477367947,34.7520913527721
"373",380,-91.1958892691587,34.9120318946441
"374",381,-91.1957767535239,34.9123466410235
"375",382,-92.498343304211,34.616715968165
"376",383,-92.0675210319932,34.9509670781471
"377",384,-93.0722515666305,34.1889490058671
"378",385,-93.0790177708306,34.2060606841181
"379",386,-93.0714246161197,34.1870386171934
"380",387,-92.8278739556661,33.5566555346254
"381",388,-92.8783653725802,33.587026813022
"382",389,-92.772103803317,33.6147918182376
"383",390,-91.7517570263269,34.8001901876384
"384",391,-92.4420911542477,35.5274539413979
"385",392,-93.5290082651937,35.4261151305511
"386",393,-93.4829947564383,35.4566233761644
"387",394,-93.5227906586125,35.463868296378
"388",395,-92.4579513801963,35.5965980204084
"389",396,-92.4225868162445,35.0665615426786
"390",397,-91.9666501546083,33.1352807101341
"391",398,-91.953488534167,33.1363684997665
"392",399,-91.4579175642977,34.7862568762376
"393",400,-91.3326541361589,34.282404344648
"394",401,-94.0219462728635,34.1163853020951
"395",402,-91.4923232339377,33.901723752859
"396",403,-91.4937205947594,33.9033646973431
"397",404,-90.4888005804174,35.1325502201098
"398",405,-90.4878661257624,35.1325821094621
"399",406,-92.691636539135,33.1957694917075
"400",407,-92.7189992896573,33.208013169727
"401",408,-92.6329256536374,33.2135782078948
"402",409,-92.5915785899989,33.301191702432
"403",410,-94.1963706961849,35.997077225661
"404",411,-92.4265342606114,33.8245037482155
"405",412,-94.3760880409048,35.2791684852403
"406",413,-94.4005149945554,35.3147853109293
"407",414,-94.3676915558988,35.40350496129
"408",415,-93.8025694547519,33.6128325683761
"409",416,-92.4903484485786,36.2838217949569
"410",417,-92.4820966201549,36.2870509681785
"411",418,-91.7454902509478,36.2929590117277
"412",419,-93.5484662753463,34.3216227967055
"413",420,-93.4588295629602,36.3387558246369
"414",421,-92.3870983230897,35.2599964557729
"415",422,-93.1831952850317,33.9976038086865
"416",423,-92.4697911538694,33.5375727110969
"417",424,-93.0309008604126,36.1903588887495
"418",425,-91.5502804325305,34.77479898101
"419",426,-92.3481653742283,34.4840234950097
"420",427,-94.029319,33.452761
"421",428,-93.6013771841641,33.6962036406997
"422",429,-93.5846548795861,36.138771080341
"423",430,-90.6353401033497,35.8061631117248
"424",431,-90.6263444389396,35.8028540663931
"425",432,-91.2791187683498,33.3005994664237
"426",433,-92.4426790921157,34.6415327024948
"427",434,-92.3059277665164,34.6538502446766
"428",435,-92.2656451468241,34.671641797883
"429",436,-92.1895103531124,34.7138271770845
"430",437,-92.1883383565346,34.7162059707656
"431",438,-92.1886687237865,34.7161407117139
"432",439,-92.4112068824135,34.6546002326383
"433",440,-91.885733,34.806088
"434",441,-93.2516054067844,33.2964521844334
"435",442,-93.2128645888367,33.2963584264592
"436",443,-92.8287399719694,34.3892379433493
"437",444,-92.8289533744201,34.3937862941136
"438",445,-94.2470549619714,35.0637300330913
"439",446,-90.157060538577,35.1463898979329
"440",447,-90.2060722997781,35.2103166402537
"441",448,-90.2270677253757,35.2611947399518
"442",449,-92.6259780414027,35.906814437215
"443",450,-91.2007481878422,35.269175588065
"444",451,-91.0296140657389,35.2511721876145
"445",452,-94.2218590688142,34.5866160539154
"446",453,-92.7445026130668,35.1729469161733
"447",454,-94.1147650695321,35.5111381554749
"448",455,-92.3765601950258,34.8868458530695
"449",456,-92.1254637614213,34.7851975037021
"450",457,-91.2518028616192,35.6380508606665
"451",458,-91.2434260658172,35.6384452981766
"452",459,-92.3826227548767,34.8844184127843
"453",460,-92.1305501927093,34.7846603065089
"454",461,-92.128971,34.77792
"455",462,-90.0480904365616,35.6982847745596
"456",463,-93.8649398069014,35.5227118028436
"457",464,-93.8208497024548,35.5157432514257
"458",465,-90.9045612118775,34.9839116741067
"459",466,-90.9042314420538,34.984047206938
"460",467,-90.4897812875902,36.0789428891308
"461",468,-90.5556069258553,35.2725563081227
"462",469,-91.922267445061,34.1947403247384
"463",470,-92.0434471460412,34.2303273383594
"464",471,-92.0704287535616,34.2372593383206
"465",472,-93.4191464828373,33.8105099373317
"466",473,-93.3972604758695,33.8352180459017
"467",474,-93.3937919645025,33.8291478313533
"468",475,-93.4270205820943,33.8105948079444
"469",476,-92.1948506055859,34.4403156511874
"470",477,-92.8240237207534,34.4040956908116
"471",478,-94.1818203681827,36.334941065646
"472",479,-94.1523314177844,36.3558016238391
"473",480,-93.090983,35.284084
"474",481,-93.1408641105483,35.2281085321223
"475",482,-93.1364654098213,35.2507403407458
"476",483,-93.0917392904385,35.2835022443674
"477",484,-93.0937242847025,35.2804760567994
"478",485,-91.7007454873685,35.2364803910772
"479",486,-91.7181124123865,35.2209469303884
"480",487,-92.7208209145039,33.339653980688
"481",488,-94.2573693272954,36.1768822074093
"482",489,-94.193145373651,36.175485989728
"483",490,-92.3475643629307,33.1044775235171
"484",491,-91.5577020173673,34.5096124818567
"485",492,-93.9458508085996,33.5103226421299
"486",493,-94.0097377521609,33.4752748366098
"487",494,-94.0071225095199,33.4773845770283
"488",495,-90.549915686503,35.6783345831728
"489",496,-90.5246617416432,35.6793808286209
"490",497,-90.2796671355188,35.3639933070053
"491",498,-94.1799972493063,35.9332783591476
"492",499,-90.7183132428236,34.5548964872338
"493",500,-90.1437970077439,35.1528000451388
"494",501,-90.1374498208576,35.1540302023808
"495",502,-90.1351842089667,35.1563766857731
"496",503,-90.1370952272457,35.1562684446358
"497",504,-91.1082782491067,34.9272697780427
"498",505,-91.1082191945894,34.9295591361518
"499",506,-91.1082838280543,34.9295496108597
"500",507,-92.1018331888442,34.2603653862987
"501",508,-90.7807872185796,35.2524788359769
"502",509,-105.858069148174,37.4724064848164
"503",510,-105.856699701943,37.4730367934323
"504",511,-105.901065027653,37.4779011969949
"505",512,-103.261371696632,40.5016942538927
"506",513,-104.791108646089,39.7628331303454
"507",514,-107.587009553418,37.2344646437127
"508",515,-104.52761750255,39.7387971895683
"509",516,-104.433362034874,39.740379891023
"510",517,-104.818053436374,39.9142925950029
"511",518,-103.621715968521,40.2667492178027
"512",519,-103.621716641372,40.2719311361577
"513",520,-106.108344315842,38.8119390471006
"514",521,-106.10762914281,38.8121534643185
"515",522,-102.278694625105,39.2921875286503
"516",523,-102.278740780981,39.2958241433114
"517",524,-102.253276227473,39.3023611175923
"518",525,-104.795272013315,37.9623659235903
"519",526,-104.852169165634,39.0579653640377
"520",527,-104.903161445079,39.7865009540245
"521",528,-104.928331565007,39.796385338811
"522",529,-104.903394353453,39.798926013494
"523",530,-108.684834200545,37.2040720828561
"524",531,-108.592256506555,37.350108934762
"525",532,-104.984181083317,39.7661183182696
"526",533,-104.978285113028,39.7883141940487
"527",534,-104.986803545054,39.8018612306411
"528",535,-104.949307880854,39.7800396368695
"529",536,-104.903407681086,39.7903077546443
"530",537,-109.010044143282,40.2459323785012
"531",538,-105.613290918709,39.7654511465943
"532",539,-102.785700747575,38.4880830292018
"533",540,-104.711305201108,40.5253927531174
"534",541,-104.690175815651,40.3854997829558
"535",542,-105.990996594194,39.2253601499629
"536",543,-104.979050542669,40.1617984914355
"537",544,-103.061126446196,39.2857133998378
"538",545,-104.811646504795,40.0955447811754
"539",546,-103.772295707567,40.2630992638457
"540",547,-104.711457233244,38.6717727426273
"541",548,-104.730559743234,38.722426047537
"542",549,-104.984113619453,40.0876045720788
"543",550,-108.738183172973,39.1535612378379
"544",551,-105.206979895185,39.6968184585669
"545",552,-108.570905,39.069694
"546",553,-108.64568,39.113069
"547",554,-108.647865293682,39.1131611120365
"548",555,-108.641176976923,39.1082609846154
"549",556,-104.679889239801,40.4130328504294
"550",557,-104.679885426569,40.4135987007944
"551",558,-106.851161052579,38.5370188001925
"552",559,-106.934411362609,38.5444483446951
"553",560,-105.880468612237,37.7458341742627
"554",561,-104.649419214466,40.0766772077376
"555",562,-104.984913803341,40.3619000086797
"556",563,-103.538644037957,37.9879902986364
"557",564,-102.631115045946,38.1141775606623
"558",565,-102.618588853886,38.1000561562945
"559",566,-102.616035219202,38.0883452162355
"560",567,-102.619771040549,38.0957317077582
"561",568,-103.708642236666,39.2733295721947
"562",569,-103.707416590399,39.2713678023222
"563",570,-104.9803197,40.160658
"564",571,-104.981952409171,40.1606547240859
"565",572,-107.957168337225,40.0220948016261
"566",573,-106.115117859877,37.568511335536
"567",574,-106.115488067544,37.5686672199962
"568",575,-106.137302695064,37.5780787474049
"569",576,-107.854771117386,38.4883683151741
"570",577,-107.891500887382,38.4913039746581
"571",578,-104.865139889034,39.095614480447
"572",579,-103.748098831111,38.2142286725967
"573",580,-108.301014667296,39.1570764460976
"574",581,-105.032271671102,38.4232633347992
"575",582,-104.616777859471,38.3077980087939
"576",583,-104.619869731916,38.343084662323
"577",584,-102.874144823574,39.2916314895968
"578",585,-102.292233947771,38.4659890027267
"579",586,-102.615448557371,37.383709967451
"580",587,-102.616528426675,37.4028033911377
"581",590,-102.605033348177,39.2967180450313
"582",591,-104.521455367117,37.1336846014048
"583",592,-104.793937276125,37.6529400365172
"584",593,-104.603092,39.740042
"585",594,-105.135214394716,39.7807563626383
"586",595,-104.055750177089,40.2438180925062
"587",596,-104.055750322282,40.2438978618087
"588",597,-104.055741305322,40.249783864246
"589",598,-102.228191362108,40.0809325900427
"590",599,-102.716444959298,40.1185843381477
"591",600,-97.0400808034086,37.0827108377127
"592",601,-97.3223906520775,37.3660110748521
"593",605,-95.7286034285322,38.4275830689776
"594",606,-98.7059835069602,38.857259625913
"595",607,-96.5796253524364,38.0952365034048
"596",608,-95.4795814055219,37.6458765185254
"597",609,-95.5685455461512,37.2684791106662
"598",610,-95.0985196035503,37.0371157514793
"599",611,-101.054905269728,39.367018177014
"600",612,-101.047875326377,39.3970594331192
"601",613,-101.054931713563,39.3632802708409
"602",614,-101.032098306606,39.3620845836433
"603",615,-98.428405,37.645268
"604",616,-101.135662491956,37.9875451704427
"605",617,-99.9797987770894,37.7517621881872
"606",618,-99.9766186694792,37.7446134067864
"607",619,-99.9818850367747,37.7460422000394
"608",620,-100.011813243463,37.7529947881164
"609",621,-100.028785703076,37.7534267972452
"610",623,-99.5600349071281,38.9497990298287
"611",624,-98.2156295951597,38.7375054002738
"612",625,-96.2372047025387,38.4122754880375
"613",626,-96.2156293278705,38.4221369174016
"614",627,-95.2524978237786,37.5736024579412
"615",628,-94.7130902176815,37.855223142045
"616",629,-95.8002666363446,37.5299169515175
"617",630,-95.8333368190935,37.5399630252652
"618",631,-100.847120078171,37.9618509000644
"619",632,-100.883439102431,38.0055079143766
"620",633,-95.2477013830786,38.2597692279081
"621",634,-101.726157470808,39.3270903944581
"622",635,-101.726099480024,39.3305356589016
"623",636,-98.7540360169722,38.3614335628015
"624",638,-99.3177649188621,38.8960108579254
"625",639,-99.3178057790806,38.8823338659474
"626",640,-97.4197975299377,38.1467371104713
"627",641,-100.995735895243,38.0035373988294
"628",642,-100.440071971191,39.3575742756857
"629",643,-95.7445448342554,37.2256043630155
"630",644,-97.7749721270329,38.2359799117545
"631",645,-95.3843741909602,37.9221031250545
"632",646,-95.3846978844658,37.9221042313208
"633",647,-101.744111906077,37.5774094617363
"634",654,-95.7286101741123,38.4272822954616
"635",656,-96.8157284564472,37.6793921973677
"636",657,-101.357911057664,38.4814282477485
"637",658,-100.940246012212,37.028068838517
"638",659,-100.914777280651,37.0323759766667
"639",660,-100.925090073553,37.0323567692155
"640",664,-97.6820652304799,38.3694792797217
"641",665,-97.618237,38.370921
"642",666,-100.349366815145,37.285486344851
"643",667,-98.5829400135719,37.2757877198311
"644",668,-98.5867189769599,37.2768861389252
"645",669,-100.449262264927,37.5972702974048
"646",670,-99.475299673178,37.5819586298015
"647",671,-99.0240549380991,39.1949136287696
"648",672,-97.3224844847653,38.0440811480117
"649",675,-100.86986232601,39.1884362145532
"650",676,-100.810366237411,39.1194312430166
"651",677,-100.810993713705,39.1194344986875
"652",681,-95.2677165787162,38.5730368790579
"653",682,-95.2585606086465,37.3644785869394
"654",685,-94.7039352492675,37.3386036522472
"655",687,-98.722083701336,37.64584045701
"656",688,-94.7106086990852,38.0665692093524
"657",689,-98.8545010903084,38.8657610759523
"658",692,-101.807624766838,39.7673554624563
"659",693,-97.5936845533637,38.879140008597
"660",694,-97.6380082625516,38.8271493383568
"661",695,-97.6407048194251,38.8294418733509
"662",696,-97.6122761992805,38.8794433582296
"663",697,-97.612279546803,38.8787787462644
"664",698,-97.6123110381675,38.8743197089784
"665",699,-100.906795395934,38.4681722225639
"666",700,-100.906764442211,38.4642407517555
"667",702,-96.2530469627559,37.6364802211463
"668",703,-97.940210351069,38.008525107878
"669",704,-99.7519278749031,37.8556630049924
"670",706,-98.5955205735877,37.9547851454423
"671",707,-96.5334265181642,38.400069613549
"672",708,-100.870922458744,37.4771894523854
"673",709,-101.750401420567,37.9800758601075
"674",710,-96.9813167842633,37.7662575094308
"675",711,-101.752344731734,38.4657782846834
"676",712,-101.347536789972,37.5757771540028
"677",713,-101.3806347466,37.5765409930906
"678",714,-99.8900890600697,39.0124856907479
"679",715,-97.3909802885714,37.632465834964
"680",716,-97.3374435718846,37.7570219915154
"681",717,-97.3284024681115,37.7945347115453
"682",718,-95.7388505126686,37.8806528856657
"683",719,-92.5191925942549,31.3463811220827
"684",720,-92.5872954035315,31.3622026380834
"685",721,-90.5667595938285,30.7160678940597
"686",722,-89.9949400847385,29.9515540439325
"687",723,-92.9123493819088,32.5638098198017
"688",724,-91.1639232167083,30.608572617157
"689",725,-91.923262878915,32.9707986434774
"690",726,-91.197567,30.551947
"691",727,-90.0145465561944,29.876112490533
"692",728,-91.2512242790963,29.6860391454532
"693",729,-93.6109542659417,32.3977761299941
"694",730,-91.9587499906835,30.2444900263838
"695",731,-91.9592828588433,30.2439980551551
"696",732,-91.9166180392166,30.2948284965019
"697",733,-91.8332866480728,30.3149412180528
"698",734,-91.8325039418395,30.3150678976068
"699",735,-91.8290065241219,30.3156478619706
"700",736,-91.9153339884498,30.2936563764856
"701",737,-91.9394835405979,30.0810560769528
"702",738,-91.9394741125589,30.0818143394836
"703",739,-91.9411261199228,30.0948809215574
"704",740,-91.9413540580205,30.0968579931741
"705",741,-91.9843924251305,30.1760343255165
"706",742,-92.1890500269314,30.7797110644672
"707",743,-92.2719121767908,30.9503930574392
"708",744,-92.3273897512823,32.5200794085107
"709",745,-92.3646199068969,32.5215195827586
"710",746,-90.5794133439243,29.4829716607388
"711",747,-90.8725666084756,30.108968370865
"712",748,-93.335736964045,32.0206394224719
"713",749,-93.339052692908,32.0228092680744
"714",750,-92.3628447257456,30.197642190264
"715",751,-92.3857622716689,30.2363803647687
"716",752,-90.3246051722617,29.468693540964
"717",753,-90.3303400967677,29.4798747161163
"718",754,-91.9968188108273,29.9528888411168
"719",755,-91.4208247159735,32.4315788064634
"720",756,-91.4218130364866,32.4317270173733
"721",757,-91.4167398394775,32.4309619233672
"722",758,-91.4929535111234,32.446519255594
"723",759,-90.9719393470454,30.5369290479524
"724",760,-90.9035106341578,30.6515750893659
"725",761,-90.9032728534847,30.6518237134574
"726",762,-90.9572416947745,30.4546544443609
"727",763,-93.4214316817648,30.4509330613459
"728",764,-90.4840276645987,29.8200476952263
"729",765,-92.192995374812,30.247602816175
"730",766,-92.1923907174176,30.2475987784518
"731",767,-92.1944097217475,30.247610607294
"732",768,-92.1930938038001,30.2476035713847
"733",769,-92.4622284116617,30.2338997157808
"734",770,-92.7891855057857,30.8743910076763
"735",771,-92.3794831550922,30.4950020813374
"736",772,-91.4367197451257,29.7437635381016
"737",773,-91.5338506246415,29.7970903182708
"738",774,-93.7068504553863,32.2146341604837
"739",775,-90.1943822272317,29.1236884400361
"740",776,-90.6823089571212,30.0695856110267
"741",777,-92.0540934899119,30.4182839729677
"742",778,-90.7490443886079,29.6808990120142
"743",779,-90.5727610936796,30.824802513571
"744",780,-93.9796598683217,32.4435771689153
"745",781,-94.0046166166236,32.3971815576396
"746",782,-93.9474970029533,32.445688728293
"747",783,-93.9828722530512,32.4432490584817
"748",784,-93.9529820203102,32.4443480485469
"749",785,-91.4358209619589,30.4180334053939
"750",786,-91.433071,30.41877
"751",787,-90.4132934411841,30.4788368026471
"752",788,-90.4588187804227,30.4788731842122
"753",789,-90.4570756935012,30.4774295076092
"754",790,-90.1887180219451,29.9405331240891
"755",791,-90.1818772608027,29.9494495576501
"756",792,-93.5175898223825,32.5473323381136
"757",793,-90.6447441709829,29.5591691842511
"758",794,-90.6831681557223,29.5718136322702
"759",795,-90.6684154415517,29.5871240862017
"760",796,-90.7447713089172,29.5916731496815
"761",797,-93.0137570078371,30.249277358987
"762",798,-91.6464789726314,29.8728072835794
"763",799,-92.6635647336304,30.2424506160439
"764",800,-92.7095675901639,32.2189954918033
"765",801,-91.9755160725096,31.5774069016978
"766",803,-93.8287833413035,32.3363191408694
"767",804,-90.2793445122558,29.9795172628295
"768",805,-90.5223971784436,30.9366967324459
"769",806,-90.9749779635747,29.8548827568205
"770",807,-92.0360561034791,30.2511031030504
"771",808,-92.0374620190401,30.2505233436324
"772",809,-93.3253924453216,30.213355576811
"773",810,-93.1944725808749,30.236137006235
"774",811,-93.1302611322954,30.244231668592
"775",812,-93.012816,30.249349
"776",813,-91.1785759122659,32.7791433369526
"777",814,-90.4398375290029,30.0905415604544
"778",815,-90.4452475491892,30.0864313448649
"779",816,-90.3936867763224,29.5747496916877
"780",817,-93.9838012839786,31.9745520911234
"781",818,-93.6926458007174,32.043305249302
"782",819,-93.6080585399301,32.1197610939417
"783",820,-93.5440004117252,30.7609593618299
"784",821,-93.2040238147998,32.5708629915083
"785",822,-93.2042505192074,32.5709243906187
"786",823,-93.2043065353821,32.570939561666
"787",824,-93.4313861978919,32.5730935372322
"788",825,-93.3387742228961,32.5939588328577
"789",826,-93.24788,32.581923
"790",828,-91.2553643573666,29.6845878591147
"791",829,-93.1622171940649,31.7255336510533
"792",830,-93.0866701047437,31.7838263504542
"793",831,-90.0577748664538,29.9823611035825
"794",832,-90.0338445109583,30.0062101631509
"795",833,-89.9455286655612,30.0130973801556
"796",834,-91.4627316396907,30.6817620115588
"797",835,-92.0490655138546,30.5828793474906
"798",836,-92.0487745984362,30.5851628332214
"799",837,-90.7533470469805,30.006535189934
"800",838,-91.2215310403701,30.2690835332212
"801",839,-91.2169014127867,30.4246028481749
"802",840,-91.2435917032357,30.447033082386
"803",841,-91.2457872282069,30.4516393068295
"804",842,-91.2468550612434,30.4532966606656
"805",843,-91.2475927158488,30.4544379543625
"806",844,-91.2522425189781,30.4889510021898
"807",845,-91.2073871523913,30.5064628353683
"808",846,-91.2034914563258,30.5066752604532
"809",847,-91.4067777720911,30.5333364615948
"810",848,-91.2424477011234,30.4467919161994
"811",849,-92.0011241534736,30.5476110452532
"812",851,-90.5684498328012,29.7056581224964
"813",852,-90.5550743347924,29.7534931530315
"814",853,-92.2695670403344,30.2503126166347
"815",854,-92.1931619455687,30.2476040942115
"816",855,-92.2695347161833,30.2542269296539
"817",856,-91.7584017484335,32.459702469348
"818",857,-90.5883465301558,30.076538416467
"819",858,-90.5661065590575,30.0769626274272
"820",859,-92.7407832089119,30.2476110362674
"821",860,-91.3467867017997,30.9924764407076
"822",861,-122.406763,37.654978
"823",862,-122.16005075623,37.7060950876613
"824",863,-122.194938,37.748116
"825",864,-122.288368465519,37.8030498912803
"826",865,-122.101903856714,38.0212788101126
"827",866,-122.716045923986,38.3873717207886
"828",867,-123.210988812222,39.1710080459489
"829",868,-123.21097511334,39.1709979298515
"830",869,-122.91354432377,39.0178781918907
"831",870,-122.74179317364,38.9297930272123
"832",871,-122.742846388746,38.9301752657524
"833",872,-122.207201040815,39.7517065218064
"834",873,-122.205498409512,39.7401577784489
"835",874,-122.199882982129,39.8726257691389
"836",875,-122.196354354675,39.9063669540875
"837",876,-122.196243813656,39.9063667431649
"838",877,-122.200043826462,39.9028816677685
"839",878,-124.191372882035,40.7699224254372
"840",879,-124.190401652027,40.7748985331687
"841",880,-122.28404384995,40.369227258873
"842",881,-122.334763527983,40.5054740487722
"843",882,-122.371016133224,40.6248940282795
"844",883,-122.334425856321,40.7052270902959
"845",884,-122.419240108012,40.9953617826016
"846",885,-122.378495783304,41.395508147395
"847",886,-122.532905798726,41.6433648356688
"848",887,-119.900229218408,34.4324644694362
"849",888,-116.960545,32.560521
"850",889,-116.952743308472,32.5677351876189
"851",890,-116.987858149382,32.567349015031
"852",891,-117.114563458288,32.6579685746825
"853",892,-116.78075004349,32.8396379854052
"854",893,-118.252601965523,33.7726867810721
"855",894,-118.253917064546,33.7759295191246
"856",895,-118.239961334973,33.7907764418814
"857",896,-118.20822966977,33.7698112459462
"858",897,-118.22027205353,33.7898499075245
"859",898,-118.207607902064,33.7842480277017
"860",899,-118.214751774925,33.7898515729446
"861",900,-118.275516453246,33.8650610195813
"862",901,-119.200147402096,34.2471376721655
"863",902,-119.127011847753,34.2023780381794
"864",903,-119.05120422615,34.3531221368831
"865",904,-118.882656009307,34.8165820553803
"866",905,-118.883007,34.816192
"867",906,-118.945397824242,34.9873546570242
"868",907,-118.447159394112,34.2897729779977
"869",908,-118.237206183791,34.0411415694437
"870",909,-118.238533487502,34.0217031683551
"871",910,-118.190666664328,34.0097791037777
"872",911,-118.21240106271,34.0086670520261
"873",912,-118.208375208592,34.0087656424073
"874",913,-118.175908088515,34.0047215520578
"875",914,-118.163029973003,33.9757454503006
"876",915,-118.163025205283,33.9757755418242
"877",916,-118.119738043448,33.9754952197902
"878",917,-118.123168996851,33.9968961263712
"879",918,-118.030741269178,34.0440977895624
"880",919,-118.386912507922,34.2284639913751
"881",920,-118.621243767586,34.4926561659154
"882",921,-118.62151314438,34.4930154459653
"883",922,-118.199250440398,34.4912701516134
"884",923,-117.255648818486,33.840966859199
"885",924,-116.773551475886,33.9186544880126
"886",925,-117.554637395709,34.0673492067322
"887",926,-117.561517050207,34.0673828920833
"888",927,-117.453288344382,34.0702577203941
"889",928,-117.489616931313,34.0701518837096
"890",929,-117.493265688753,34.070140664435
"891",930,-117.488014225177,34.0764213736883
"892",931,-117.492744432048,34.0657164980976
"893",932,-117.488036506031,34.0628719927711
"894",933,-117.36936932796,34.070416258493
"895",934,-117.503600669303,34.0065557361032
"896",935,-117.463492758922,34.016367507467
"897",936,-117.399221953028,34.4093441549679
"898",937,-117.896976264833,34.5064509233202
"899",938,-117.288397414339,34.0634146875091
"900",939,-117.314179572414,34.0648442629272
"901",940,-117.36728535531,34.0375404019255
"902",941,-117.399400635251,34.5356782430155
"903",942,-117.399405177888,34.5348719249458
"904",943,-116.353754183143,32.7042000651878
"905",944,-115.555118737355,32.7738440888447
"906",945,-115.380757491777,32.6860812859416
"907",946,-114.782553513761,32.4916840458715
"908",947,-114.444156254054,32.6723217434112
"909",948,-114.5787,32.669665
"910",949,-114.521412149306,32.6705212073605
"911",950,-114.581544327505,32.6860390590766
"912",951,-115.964317997026,33.2792243654103
"913",952,-116.017361788171,33.3533381382016
"914",953,-116.544770943021,33.9029072619924
"915",954,-116.404377264737,33.8164779114414
"916",955,-116.19187881452,33.7006271481293
"917",956,-116.230081765691,33.7281740650449
"918",957,-116.170334931217,33.7162720208134
"919",958,-116.175762442188,33.7149253464554
"920",959,-115.720257146464,33.6601808481138
"921",960,-116.090024054086,33.5693822245457
"922",961,-114.522863985577,33.6028663944427
"923",962,-114.437625508903,33.6231365395606
"924",963,-114.217565479179,33.66662303683
"925",964,-114.199756676758,33.6676177459975
"926",965,-114.241540748733,33.6595063554929
"927",966,-114.237008867925,33.6621750377358
"928",967,-114.727191145117,33.6091689646949
"929",968,-115.182399117997,34.8128663848213
"930",969,-114.59771515205,34.825438133753
"931",970,-114.623476893437,34.8518624700564
"932",971,-114.314835724377,34.7247423889912
"933",972,-114.316468941176,34.7277077647059
"934",973,-112.673438222344,32.9292559505466
"935",974,-112.727027431347,32.9451503973182
"936",975,-112.705457206232,32.9493683858125
"937",976,-112.733128690111,32.9436451086256
"938",977,-111.097575165037,32.1637946002445
"939",978,-111.670640802029,32.8087726828184
"940",979,-111.671669216238,32.8094103885964
"941",980,-111.548819234236,32.7343180018221
"942",981,-111.621055388404,32.7780149264018
"943",982,-111.672366414243,32.8248179654956
"944",983,-111.55188522335,32.7356167289198
"945",984,-111.615913794176,32.7748238683183
"946",985,-113.767900315783,33.63078649655
"947",986,-113.768750749354,33.6309119991307
"948",987,-112.936215503164,33.4947449560107
"949",988,-112.78194771922,33.4625701243975
"950",989,-112.592265154757,33.4329559854651
"951",990,-112.204448742524,33.462552303528
"952",991,-112.169140113561,33.4609298599165
"953",992,-112.272570897449,33.4565691611292
"954",993,-112.238891742742,33.4620747310983
"955",994,-111.965407421433,33.2774761410517
"956",995,-112.137315059344,33.4368905613898
"957",996,-112.121099657178,34.3280547048279
"958",997,-111.882386821517,34.5749947473397
"959",998,-121.073610871532,36.1885543110802
"960",999,-120.417728534625,34.9243902102915
"961",1000,-120.649983297755,35.4643734555705
"962",1001,-120.696490561122,35.6954441730722
"963",1002,-119.39986610047,35.3990164048968
"964",1003,-119.395859587903,35.3988580465712
"965",1004,-119.396338330172,35.3988624286515
"966",1005,-119.656936085619,35.6161708865212
"967",1006,-119.658874127072,35.6161571121288
"968",1007,-119.658941396567,35.616156632611
"969",1008,-120.160858307296,36.1401823768841
"970",1009,-120.23912341202,36.2544580571481
"971",1010,-120.102047771841,36.0744691104694
"972",1011,-119.959608,35.990161
"973",1012,-119.77135,36.706913
"974",1013,-119.659971345569,36.6044964482469
"975",1014,-119.515943122061,36.4886498643514
"976",1015,-119.485823345325,36.4473293645582
"977",1016,-119.596935722626,36.5477075276511
"978",1017,-119.597991732195,36.5486287037786
"979",1018,-119.74388090898,36.6801317415306
"980",1019,-119.735763,36.680568
"981",1020,-119.775808347504,36.7068328033244
"982",1021,-121.629270029556,36.6634287159845
"983",1022,-121.628786825799,36.6639314749842
"984",1023,-121.558545471062,36.9848502647288
"985",1024,-121.569391779014,37.0212919263776
"986",1025,-121.949984845783,37.3838385687551
"987",1026,-121.856613,37.317566
"988",1027,-121.384292829383,36.9883205892264
"989",1028,-121.380923516524,36.9930157747197
"990",1029,-121.175366366284,37.45754709159
"991",1030,-121.268990572949,37.5413352977467
"992",1031,-121.264109721796,37.5375668140488
"993",1032,-121.015812277545,37.1023691311342
"994",1033,-121.015587458949,37.1113425864464
"995",1034,-121.013823679388,37.0567977517544
"996",1035,-121.015616550365,37.1093986364964
"997",1036,-120.873054490925,37.4986814573928
"998",1037,-122.0625903592,37.6163784423696
"999",1038,-121.396874966609,37.6414238253328
"1000",1039,-121.949536197778,38.3944592607765
"1001",1040,-121.822286985349,38.4641357291268
"1002",1041,-121.803430251711,38.4888823218289
"1003",1042,-121.434008744924,37.7660134136295
"1004",1043,-121.144872451588,37.7540659396408
"1005",1044,-121.140220254103,37.751621586341
"1006",1045,-121.142543236242,37.7531433281056
"1007",1046,-121.302198682553,37.9355311037152
"1008",1047,-121.230419405958,37.9238598086753
"1009",1048,-121.281131004935,37.8970091426115
"1010",1049,-121.292046952711,37.8208216696958
"1011",1050,-120.981133943811,37.613813050825
"1012",1051,-121.263612631168,38.2072695483958
"1013",1052,-121.394900341684,38.1159252751092
"1014",1053,-121.396154204778,38.1129429781894
"1015",1054,-121.392494654117,38.1159604131625
"1016",1055,-120.777072746738,36.8552115350411
"1017",1056,-120.456012776108,36.85680670877
"1018",1057,-120.473628100307,37.0835212604788
"1019",1058,-120.216148801569,37.0983470296149
"1020",1059,-120.311787878974,37.1699581853546
"1021",1060,-120.024592303746,36.9237770824963
"1022",1061,-120.131187170576,37.0209105140539
"1023",1062,-120.7637804592,37.4207055828763
"1024",1063,-120.73672,37.390286
"1025",1064,-119.914568946387,36.8300994716136
"1026",1065,-119.91575896595,36.831037630493
"1027",1066,-118.942901,34.988668
"1028",1067,-118.912662615541,35.3520459261848
"1029",1068,-118.914205796618,35.3558831590982
"1030",1069,-118.968639011986,35.0608033752577
"1031",1070,-119.010466247843,35.2106722488342
"1032",1071,-119.027604000606,35.2668478720408
"1033",1072,-119.331096303162,35.35388899765
"1034",1073,-119.331028661571,35.3538977440237
"1035",1074,-119.190085576089,35.5310445069102
"1036",1075,-119.044442122993,35.3894010961979
"1037",1076,-118.177066857742,35.0631262375165
"1038",1077,-118.177368642162,35.0670914396313
"1039",1078,-118.409726353219,35.1246427904807
"1040",1079,-119.258407062408,35.8222315674513
"1041",1080,-119.275493058964,35.8948060564496
"1042",1081,-119.292175682701,35.9713506139538
"1043",1082,-119.293473760275,35.9736402523881
"1044",1083,-119.05348753408,35.8920344975722
"1045",1084,-119.311264924363,36.0561847057727
"1046",1085,-119.328440036519,36.181791069475
"1047",1086,-119.328485946662,36.1808307823106
"1048",1087,-119.104527243837,36.2034651936734
"1049",1088,-119.426576192075,36.3502361749269
"1050",1089,-117.54131973714,34.9913958624303
"1051",1090,-117.542482346869,34.9924079256906
"1052",1091,-117.872586338119,35.7985182975462
"1053",1092,-117.082256,34.852021
"1054",1093,-117.089373864645,34.8565307707553
"1055",1094,-117.087081238922,34.8543199853151
"1056",1095,-117.088187363737,34.8550558516715
"1057",1096,-116.885865561216,34.9004509437765
"1058",1097,-116.692432237619,34.8296941635119
"1059",1098,-116.886971692308,34.9024345384615
"1060",1099,-118.002235740254,36.2741583663596
"1061",1100,-118.395161223546,37.3576620447355
"1062",1101,-118.396475649345,37.3751791320711
"1063",1102,-119.120888718203,37.9589573858604
"1064",1103,-118.228481939635,36.8366648202186
"1065",1104,-118.289454793292,37.1656574742217
"1066",1105,-118.289455223205,37.1656803257574
"1067",1106,-118.289458664112,37.1676694565145
"1068",1107,-116.758214697381,36.9094618873541
"1069",1108,-121.954943841219,38.8627232810194
"1070",1109,-121.952962053149,38.8608116133001
"1071",1110,-121.575062761477,38.5757367215072
"1072",1111,-121.536656,38.614105
"1073",1112,-121.633395129913,39.0668075419864
"1074",1113,-121.639377529368,39.1417514911629
"1075",1114,-121.416565160045,38.4710111907157
"1076",1115,-121.555199557047,39.1100389991108
"1077",1116,-120.832353086267,39.1882018693018
"1078",1117,-121.575453308274,39.4808797291054
"1079",1118,-120.679485806191,39.2926349759071
"1080",1119,-119.709952855365,38.9100114754467
"1081",1120,-120.038337888298,39.7750859485031
"1082",1121,-119.963749723307,39.5105666707913
"1083",1122,-119.705884762045,39.5270772399276
"1084",1123,-119.785061786892,39.5343577902835
"1085",1124,-119.489869757188,39.5662940702875
"1086",1125,-119.736889187153,39.5356785152167
"1087",1126,-118.628702810653,38.5352936964708
"1088",1127,-118.628919099333,38.5354131738766
"1089",1128,-119.217442930325,39.6131944897547
"1090",1129,-119.265234024908,39.6182592428335
"1091",1130,-119.265154,39.613784
"1092",1131,-118.471038306358,40.1785385086705
"1093",1132,-118.284963311387,40.4654320755781
"1094",1133,-117.746741609123,40.9604668296846
"1095",1134,-117.69017462888,41.2855906894501
"1096",1135,-117.803825400398,40.9288892287446
"1097",1136,-118.05480630164,40.6925567079289
"1098",1137,-116.942218650956,40.6481263074677
"1099",1138,-116.210792113352,35.134281365237
"1100",1139,-116.078644015842,35.2597373584159
"1101",1140,-116.067441016264,35.2668326831052
"1102",1141,-115.327376470985,35.7817022271035
"1103",1142,-115.39022839511,35.6091054013221
"1104",1143,-114.918699176614,35.4599532157625
"1105",1144,-114.104135810649,35.133279432593
"1106",1145,-114.147302786396,34.8695842704807
"1107",1146,-115.187681367623,36.1009261341625
"1108",1147,-115.18673817638,36.0420402051236
"1109",1148,-115.127531536256,36.2177258100694
"1110",1149,-115.122577922854,36.2194977897782
"1111",1150,-115.097706134064,36.2402363229342
"1112",1151,-115.095138466381,36.2176665189423
"1113",1152,-115.027051354064,36.2820862882553
"1114",1153,-114.895245588235,36.3827663529412
"1115",1154,-114.761357841745,36.5021757092298
"1116",1155,-116.396421832624,36.6428679287819
"1117",1156,-117.227980493255,38.0658378926821
"1118",1157,-114.00772125217,35.2204948777481
"1119",1158,-114.06978605052,35.1916600698366
"1120",1159,-114.070787130488,35.1923040656545
"1121",1160,-113.903986023173,35.1975240990136
"1122",1161,-113.78912877414,35.1760651917924
"1123",1162,-114.069169488708,35.1913729278545
"1124",1163,-112.856574550444,35.3105928870194
"1125",1164,-112.191640896447,35.259516185859
"1126",1165,-111.619210537257,35.1931971590897
"1127",1166,-111.567643341608,35.2426439322258
"1128",1167,-111.822216238688,35.2378513455738
"1129",1168,-111.424991054475,35.8549388715953
"1130",1169,-114.864583813873,39.2350494091395
"1131",1170,-116.116001036198,40.7192654774287
"1132",1171,-116.107446729491,40.7218986214431
"1133",1172,-115.751930261754,40.8425068303083
"1134",1173,-114.956844534266,41.0991190724441
"1135",1174,-114.959612784885,41.099997081762
"1136",1175,-114.957123993437,41.1012884953386
"1137",1176,-114.064302057947,40.7416493394149
"1138",1177,-114.671423570854,41.9869500486733
"1139",1178,-99.4776745513612,27.4520871543571
"1140",1179,-99.4600459570963,27.3633425380618
"1141",1180,-98.6780676361139,27.3116854528186
"1142",1181,-98.3486766486658,26.216350525661
"1143",1182,-98.359065357064,26.2281588559793
"1144",1183,-98.361896767513,26.2307488834346
"1145",1184,-97.9505376428856,26.0871425069084
"1146",1185,-98.2819532848283,26.1544533740203
"1147",1186,-98.009091006889,26.2932100890585
"1148",1187,-98.2010593474038,26.0931126695272
"1149",1188,-98.2010220095092,26.0932963316035
"1150",1189,-98.2164866474847,26.1254399825661
"1151",1190,-98.1823528443461,26.2044529231407
"1152",1191,-98.1424768619797,26.3847220035691
"1153",1192,-98.1432053832113,26.3351934681174
"1154",1193,-98.1458482440985,26.3055221226678
"1155",1194,-98.1422334010053,26.3860650340687
"1156",1195,-98.8605864151485,26.3715927575499
"1157",1196,-97.7281991554003,26.2498082117098
"1158",1197,-97.6814561401696,26.1601838479999
"1159",1198,-97.532597051991,26.0278687843121
"1160",1199,-97.7355932001314,26.0512369879065
"1161",1200,-97.4348433809877,25.9745977176286
"1162",1201,-98.0776416863773,27.6999865939706
"1163",1202,-98.0772003751547,27.7247094559843
"1164",1203,-98.1428710488026,27.212069358715
"1165",1204,-98.1398193472398,27.2262136489456
"1166",1205,-97.8467675130076,27.4914075621761
"1167",1206,-97.8406663253316,27.5294878911867
"1168",1207,-110.964865698833,31.4307234231523
"1169",1208,-110.876036362423,32.1256822361864
"1170",1209,-110.87727022026,32.1264542127053
"1171",1210,-110.875707705253,32.1254773395664
"1172",1211,-110.345403415775,31.9617632881427
"1173",1212,-109.873148791369,32.2220316124183
"1174",1213,-109.844053583614,32.2659448037533
"1175",1214,-109.844060642717,32.2659357240278
"1176",1215,-109.24387066452,32.2717450559095
"1177",1216,-108.679197,32.341454
"1178",1217,-108.735462792347,32.3548411007546
"1179",1218,-108.680941877624,32.3430813078612
"1180",1219,-110.813132610428,33.4192858339205
"1181",1220,-107.760902101206,32.281329500319
"1182",1221,-107.992238383146,32.2413343361959
"1183",1222,-106.810131167228,32.2970722735116
"1184",1223,-106.8121519598,32.2971857180671
"1185",1224,-106.240629466464,31.6592971526647
"1186",1225,-106.638396029234,32.1236876897618
"1187",1226,-106.639783645946,32.1263177756757
"1188",1227,-106.582791388365,31.958241189938
"1189",1228,-106.392637383212,31.7785611788322
"1190",1229,-106.582762769677,31.9964809194157
"1191",1230,-106.582762405009,31.997600664686
"1192",1231,-106.585378,31.997575
"1193",1232,-106.132629743068,31.5186036308535
"1194",1233,-106.237894886991,31.6608264732731
"1195",1234,-106.237974861606,31.6607822016109
"1196",1235,-106.92189284261,32.2718566630686
"1197",1236,-105.964603543452,32.9363368322999
"1198",1237,-105.992486638445,33.004855542054
"1199",1238,-106.015039169347,33.0637414712317
"1200",1239,-107.120449400008,33.6369776956613
"1201",1240,-106.917820599278,34.1577094184274
"1202",1241,-106.765842465399,34.8156600531947
"1203",1242,-102.884234323203,30.9060166810917
"1204",1243,-102.912313620225,30.9028163874279
"1205",1244,-102.884222594812,30.9082047971972
"1206",1245,-102.884223132254,30.908304908026
"1207",1246,-102.853132479069,30.8927660204942
"1208",1247,-100.497037170512,28.7506551468768
"1209",1248,-100.463910717199,28.7091079551581
"1210",1249,-101.092340503012,30.69493970719
"1211",1250,-100.916263611303,29.3462731749721
"1212",1251,-104.215110500249,32.3877820923843
"1213",1252,-103.486137068847,31.4000155438833
"1214",1253,-103.48176192396,31.3992996213628
"1215",1254,-102.892033617132,31.5725466297269
"1216",1255,-103.127324,32.696588
"1217",1256,-103.182952158378,32.6965308402399
"1218",1257,-104.523048596678,33.4615987506929
"1219",1258,-105.189565793343,34.5938419728646
"1220",1259,-103.316844004118,33.2569589447495
"1221",1260,-103.626691373317,34.4244239082268
"1222",1261,-103.623283989059,34.4243789420808
"1223",1262,-103.211391823268,34.3901858349942
"1224",1263,-103.168793181685,34.395678961723
"1225",1264,-103.144346329106,34.3941444446558
"1226",1265,-103.045687816598,34.3887043375471
"1227",1266,-103.060391980959,34.3887849889011
"1228",1267,-102.479407582189,31.7883044895366
"1229",1268,-102.432738299126,31.8107937933
"1230",1269,-102.383264699472,31.8183117672856
"1231",1270,-102.417954637378,31.8742639976759
"1232",1271,-102.300775769231,31.8645861538462
"1233",1272,-102.381125737137,31.8187857770865
"1234",1273,-101.450823733093,31.1912356628534
"1235",1274,-102.107948419688,31.9670185002145
"1236",1275,-102.035866473772,31.981975903606
"1237",1276,-102.142760729487,31.9490491328403
"1238",1277,-102.073632585896,31.9712914081876
"1239",1278,-102.036631200622,31.9821922889722
"1240",1279,-102.216851842459,31.9156830113138
"1241",1280,-102.54262793802,32.3067744490923
"1242",1281,-102.542206754332,32.3055814476757
"1243",1282,-101.473919118835,32.2659079696468
"1244",1283,-101.490916922155,32.2642395452313
"1245",1284,-100.292088204867,31.8869290995802
"1246",1285,-100.764170364835,32.6344747783328
"1247",1286,-102.274178432382,33.1901142587374
"1248",1287,-102.327286392994,33.9027786617317
"1249",1288,-101.841462929153,33.5917083796369
"1250",1289,-101.77642081051,33.6126723403713
"1251",1290,-101.837422944276,33.6432748656282
"1252",1291,-101.841057550135,33.7386383704861
"1253",1292,-101.835599588438,33.5491781815657
"1254",1293,-101.808625547554,33.5270820043526
"1255",1294,-101.836527934559,33.5487342585397
"1256",1295,-102.711981448535,34.6417181743904
"1257",1296,-101.749144652179,34.1873199502755
"1258",1297,-101.378296053914,33.1950418107412
"1259",1298,-101.382544183175,33.6743638424074
"1260",1299,-100.226750989083,34.4347796390299
"1261",1300,-100.230106366767,34.4360091577656
"1262",1301,-100.533241473606,34.7234854193838
"1263",1302,-110.089085992103,34.9721782892371
"1264",1303,-110.209145776159,34.9068493970273
"1265",1304,-110.31254591689,34.9531751457102
"1266",1305,-110.675259510665,35.0160340882521
"1267",1306,-109.5415852,35.1289594
"1268",1307,-109.047064570891,35.3620327989494
"1269",1308,-108.835528568939,35.5047484649758
"1270",1309,-108.836037362745,35.504657902023
"1271",1310,-108.835689107324,35.5047198898831
"1272",1311,-108.434306488375,35.479652380019
"1273",1312,-110.246401690227,36.7078534732249
"1274",1313,-107.557508654171,35.0740254723326
"1275",1314,-107.898766702221,35.1826124385369
"1276",1315,-107.903479236491,35.1820045175311
"1277",1316,-107.474918729429,35.0340560157828
"1278",1317,-106.948820119373,35.031276843283
"1279",1318,-107.972182034859,36.5456867628943
"1280",1319,-108.195509252192,36.7283543812055
"1281",1320,-108.021267696674,36.705909669233
"1282",1321,-107.264066117092,36.1464203810255
"1283",1322,-106.649063051915,35.1063771532786
"1284",1323,-106.7485542,35.0845374
"1285",1324,-106.786430500484,35.0631879566981
"1286",1325,-106.6247025,35.109097
"1287",1326,-106.403523703524,35.4184880201495
"1288",1327,-105.668477958053,35.0085123693347
"1289",1328,-105.378935763304,34.9954843884318
"1290",1329,-106.028543531625,35.0046937846537
"1291",1330,-106.043578275527,35.0102266450338
"1292",1331,-106.06481295004,35.009962678972
"1293",1332,-105.99430088757,35.8480391778806
"1294",1333,-107.999780146136,36.8112501222553
"1295",1334,-105.208826894532,35.6141496177792
"1296",1335,-104.638327881658,34.9485713072588
"1297",1336,-104.650893702736,34.9475092347176
"1298",1337,-104.639643880292,34.9452230757453
"1299",1338,-104.595238218477,36.4496285458521
"1300",1339,-103.702419136859,35.1592504048178
"1301",1340,-103.724888420996,35.1540850730711
"1302",1341,-103.702442476488,35.158647950663
"1303",1342,-103.101946677972,35.1726426869061
"1304",1343,-103.103124005807,35.172308047705
"1305",1344,-103.331217506347,35.1150419361979
"1306",1345,-103.180353646038,36.4451745053507
"1307",1346,-104.42779119646,36.8848206026728
"1308",1347,-102.407591294732,34.8104257545905
"1309",1348,-102.369768542183,34.828684993839
"1310",1349,-101.907166720233,35.1167434992048
"1311",1350,-101.724450772077,35.1942561787156
"1312",1351,-101.708185479705,35.1926984811627
"1313",1352,-101.760945962778,35.1926740089267
"1314",1353,-101.742269259048,35.1903899655191
"1315",1354,-101.742282,35.195581
"1316",1355,-101.758906139613,35.192677630298
"1317",1356,-101.382519312222,35.2187313824881
"1318",1357,-102.011051377222,35.1900318955187
"1319",1358,-102.507686606964,36.0556335212713
"1320",1359,-101.973359820621,35.8474394190427
"1321",1360,-101.363681701601,35.1116998210029
"1322",1361,-100.986991545263,35.5217673822068
"1323",1362,-100.802592169099,36.3750389611816
"1324",1363,-100.370078876026,35.9423105205161
"1325",1364,-100.018791965463,36.1228884951315
"1326",1365,-99.5041002088164,27.5663767887721
"1327",1366,-99.4637233528589,27.6845441352508
"1328",1367,-99.5093066490799,27.5829060873258
"1329",1368,-99.5182782786165,27.6048993770474
"1330",1369,-99.5220967894281,27.6131325079275
"1331",1370,-99.553692787594,27.6441795632845
"1332",1371,-99.462695748972,27.6857441391596
"1333",1372,-99.4620104204021,27.6865797540777
"1334",1373,-99.8487393986718,28.5105121907329
"1335",1374,-99.2375649032234,28.4511134510591
"1336",1375,-99.2495677515903,28.4435009097358
"1337",1376,-99.238603,28.4501
"1338",1377,-99.3488047144557,28.0461856295622
"1339",1378,-99.3488034186941,28.0461856432272
"1340",1379,-99.8310168148947,28.6941360478197
"1341",1380,-99.1845551491786,28.6677679154567
"1342",1381,-99.0507210639365,29.0283230205155
"1343",1382,-99.1145652806012,28.8991009869432
"1344",1383,-98.8440552426121,29.183534341494
"1345",1384,-98.618363293204,27.8827341323295
"1346",1385,-97.9367932329365,27.9567430050221
"1347",1386,-98.0283112743385,28.3374281302849
"1348",1387,-98.1132922158303,28.3268505864609
"1349",1388,-98.0289795855841,28.3373507794463
"1350",1389,-97.8192463090533,28.1119206201071
"1351",1390,-97.8191751613493,28.1119830755577
"1352",1391,-97.4536144800452,27.8094312353403
"1353",1392,-97.4537892357284,27.8102844630517
"1354",1393,-97.5880075039181,27.943890077083
"1355",1394,-97.5853466348973,27.9470089095871
"1356",1395,-98.425999313987,28.9036348096477
"1357",1396,-98.3956932058189,29.282256337408
"1358",1397,-98.3152222173557,29.4592951524891
"1359",1398,-97.8942098519408,28.8643164858674
"1360",1399,-97.4628874914597,29.5149157984852
"1361",1400,-98.9038214897689,29.9825880118839
"1362",1401,-99.6718706993019,30.4187473170269
"1363",1402,-99.6889962564002,30.4282139608182
"1364",1403,-99.7735362615602,30.5094453003542
"1365",1404,-99.7731487573093,30.5097846515034
"1366",1405,-99.7778664973151,30.5054314217701
"1367",1406,-99.3356751037694,31.114807165861
"1368",1407,-98.1949744389841,29.4978099918541
"1369",1408,-98.195319181518,29.4976803488284
"1370",1409,-98.0569624335238,29.748228777219
"1371",1410,-98.1972488292375,29.4969536409674
"1372",1411,-98.1550806609075,29.6760295642816
"1373",1412,-98.419085026148,30.0843408665726
"1374",1413,-97.5922679210128,29.6544153396175
"1375",1414,-97.6886054390617,30.034454063743
"1376",1415,-97.4161616704933,30.1115793306399
"1377",1416,-97.8718690846374,30.6522351118402
"1378",1417,-97.6662960386994,30.4549251761027
"1379",1418,-97.6124105176623,30.8123820548474
"1380",1419,-97.6265663113292,30.7742506878516
"1381",1420,-97.6525978609211,30.6998986957863
"1382",1421,-97.4692642000848,31.0412225823851
"1383",1422,-97.2728052124442,28.3154685484832
"1384",1423,-96.6489324380169,28.6104876461478
"1385",1424,-96.6251270515362,28.9883498295342
"1386",1425,-96.5036079811028,29.0511606603812
"1387",1426,-96.2328116482893,29.2199598834066
"1388",1427,-96.0493551616841,29.4175152432306
"1389",1428,-96.0742866090877,29.3915822579522
"1390",1429,-95.9122995113567,29.4938472786348
"1391",1430,-95.9113643642957,29.4944363537144
"1392",1431,-95.4526612714577,29.197204672075
"1393",1432,-94.9804185665017,29.358062300962
"1394",1433,-97.1033829667343,29.696749225236
"1395",1434,-96.3316710928934,29.5861270005076
"1396",1435,-95.9521900330721,29.7788808166623
"1397",1436,-95.9513164823077,29.7788870542151
"1398",1437,-96.0483254387917,30.1069035151033
"1399",1438,-96.0908953168249,30.1179858850585
"1400",1439,-96.8541958822527,30.7137101726758
"1401",1440,-96.7464092939008,30.4961270456353
"1402",1441,-96.9677288929391,30.848123891338
"1403",1442,-96.7134362799295,31.0804622330131
"1404",1443,-96.403102237478,30.6702673063555
"1405",1444,-96.4265195176092,30.7261259111073
"1406",1445,-96.3577620792553,30.6973483358982
"1407",1446,-96.6010465753482,30.8951085224777
"1408",1447,-95.8010063975487,29.7854009481642
"1409",1448,-95.8819007032845,29.7773191071086
"1410",1449,-95.4461394167217,29.5969940803239
"1411",1450,-95.5074278188349,29.6296479976669
"1412",1451,-95.3869040563593,29.6123267056381
"1413",1452,-95.5268354824024,29.83251110146
"1414",1453,-95.5339736220601,29.8544242895291
"1415",1454,-95.5779666333158,29.8802547275835
"1416",1455,-95.5448549310781,29.9300303946043
"1417",1456,-95.3717223049668,29.7974117377569
"1418",1457,-95.2658950117435,29.7918715016872
"1419",1458,-95.2622949175945,29.8075388531585
"1420",1459,-95.2610797111566,29.8089255485829
"1421",1460,-95.269663193468,29.7991564588614
"1422",1461,-95.2680557760022,29.8009757767006
"1423",1462,-95.314950734146,29.7634745557833
"1424",1463,-95.2915084442477,29.7763278212317
"1425",1464,-95.2671063479123,29.7393263153841
"1426",1465,-95.2653246763377,29.7692831709627
"1427",1466,-95.2674748195226,29.7917946922062
"1428",1467,-95.2681478365665,29.792297848489
"1429",1468,-95.3024620924823,29.807811653858
"1430",1469,-95.4050427583224,29.8644928444141
"1431",1470,-95.7991255423557,30.0101109790721
"1432",1471,-95.4256801554053,29.9990153674035
"1433",1472,-95.3161864298892,29.9393379138279
"1434",1473,-95.391139,29.974378
"1435",1474,-95.3002890837312,29.9295829825718
"1436",1475,-95.2987735910977,29.9331566290532
"1437",1476,-95.2948333701161,29.94207573339
"1438",1477,-95.2935150716097,29.9450628386738
"1439",1478,-95.0211197232083,29.6732224097648
"1440",1479,-95.0294794505469,29.6737289184906
"1441",1480,-95.0723759103268,29.6982223457205
"1442",1481,-95.2129506911784,29.7586692487053
"1443",1482,-95.1657389027551,29.7708420986863
"1444",1483,-95.2061124004005,29.7713069673695
"1445",1484,-95.186988264891,29.8526647166757
"1446",1485,-95.1896911256847,29.8414403517622
"1447",1486,-95.1273181535683,29.852894768454
"1448",1487,-95.1844903073497,29.7128557239991
"1449",1488,-95.0333584169657,29.7969915741455
"1450",1489,-95.0309161114554,29.7978979672476
"1451",1490,-94.9643802058757,29.808034688475
"1452",1491,-94.8995913228255,29.819942963719
"1453",1492,-95.0323951746178,29.7973489671928
"1454",1493,-95.03146732075,29.7976926607569
"1455",1494,-95.0920483000465,29.7898549372344
"1456",1495,-95.1243332179342,29.7716812694608
"1457",1496,-95.0918362478987,29.789918268245
"1458",1497,-95.0894979331392,29.7904639637177
"1459",1498,-95.0922965556796,29.7063605838358
"1460",1499,-95.0569289845258,29.7919033762263
"1461",1500,-94.8031360882115,29.830130442715
"1462",1501,-94.8044657544112,29.8299323401409
"1463",1502,-94.8987372326693,29.8231244177901
"1464",1503,-94.6469279666806,29.8400108056642
"1465",1504,-95.192847482949,30.1937783401652
"1466",1505,-94.5926421399927,30.027825857648
"1467",1506,-95.4715453147276,30.3498410829342
"1468",1507,-95.5918174753163,30.7382527031246
"1469",1508,-95.5940878140276,30.7386100686158
"1470",1509,-95.8809068741381,30.9664207609912
"1471",1510,-95.9905882573368,31.2581696601887
"1472",1511,-95.2750461821738,30.329528819885
"1473",1512,-95.090235626047,30.3531719756719
"1474",1513,-94.9451114557532,30.6476532673943
"1475",1514,-94.8538806528631,30.8564190210244
"1476",1515,-94.6907619541228,31.3288458264104
"1477",1516,-94.6997243479245,31.3187576777358
"1478",1517,-99.9576008201848,31.7279729505397
"1479",1518,-98.9968867787916,31.6927398020093
"1480",1519,-98.9892428235294,31.7301497058824
"1481",1520,-99.984757848073,32.4672958180527
"1482",1521,-99.8545684844847,32.4596833615256
"1483",1522,-99.0069662104397,32.372946766114
"1484",1523,-98.9712046514921,32.3756607623
"1485",1524,-99.0030705943435,32.3770360935316
"1486",1525,-99.3853545294118,32.4029548823529
"1487",1526,-98.830824794716,32.3754970244633
"1488",1527,-98.1109407614679,31.7000131284404
"1489",1528,-98.3689828599921,32.5144495467449
"1490",1529,-98.6954365939167,32.4423544387717
"1491",1530,-97.3194308801394,32.5987625855813
"1492",1531,-97.3216089673038,32.6273596710715
"1493",1532,-97.3197167035464,32.8014522299834
"1494",1533,-97.4175263384363,32.9671511330336
"1495",1534,-99.7272469141725,33.1575143969428
"1496",1535,-99.7586595895954,34.2928451676301
"1497",1536,-99.0071643659921,34.0694217554906
"1498",1537,-97.770186641157,33.2231434760867
"1499",1538,-97.7683336191337,33.2233675702716
"1500",1539,-97.7291702209622,33.3940470522293
"1501",1540,-97.8959058081188,33.5760781536253
"1502",1541,-97.4711659470379,33.0999064141146
"1503",1542,-97.478852602905,33.0555046334779
"1504",1543,-97.4836671361909,33.0579240964229
"1505",1544,-97.5829658842772,33.2142643339491
"1506",1545,-97.5918603430231,33.225317213032
"1507",1546,-97.5705669324486,33.2405233315097
"1508",1547,-98.3487162427103,33.8690000751194
"1509",1548,-97.193214518177,31.4238544241532
"1510",1549,-97.0992836291703,31.668330306244
"1511",1550,-97.100415040624,31.6504258195
"1512",1551,-96.9241612827117,31.4695865074267
"1513",1552,-97.0910854461101,31.9016184360431
"1514",1553,-97.0934584168134,32.0088072183837
"1515",1554,-97.0543683378924,32.0777507934718
"1516",1555,-97.0918811007615,32.0461462391601
"1517",1556,-96.7180695146022,31.9013488876749
"1518",1557,-96.0776344566097,31.4491206511709
"1519",1558,-96.077634940193,31.4491200265949
"1520",1559,-96.0781967448677,31.4483944230248
"1521",1560,-96.177780978653,31.7127480552404
"1522",1561,-96.1809949048928,31.7287981043543
"1523",1562,-97.1265674981471,32.154552437686
"1524",1563,-97.1317692290309,32.1691528035389
"1525",1564,-97.2118073697617,32.3935586787118
"1526",1565,-97.2610005139625,32.4083854922926
"1527",1566,-97.2127381540382,32.4161934930224
"1528",1567,-96.9432075565946,32.4611626123041
"1529",1568,-96.9759810126602,32.5334442279567
"1530",1569,-97.0111198580038,32.4821258215212
"1531",1570,-96.8998802801826,32.1948743606907
"1532",1571,-96.8991868112216,32.1962895959158
"1533",1572,-96.8221486965919,32.5195185890855
"1534",1573,-96.6948649540204,32.623416488329
"1535",1574,-97.0569036773119,32.7935967458055
"1536",1575,-96.9216910170156,32.8166340341431
"1537",1576,-97.3078425724598,32.9590857648719
"1538",1577,-96.8390120579905,32.6426878401768
"1539",1578,-96.8068271776147,32.7676196111962
"1540",1579,-96.8336302744347,32.7959230556663
"1541",1580,-96.9216816567271,32.7496856546223
"1542",1581,-96.6994622186096,32.6326535350858
"1543",1582,-96.7506018262935,32.655056908061
"1544",1583,-96.7799837918024,32.6440368500251
"1545",1584,-96.7816019361927,32.6485201166715
"1546",1585,-96.7792557499589,32.6420936215865
"1547",1586,-96.7518329646461,32.6548252290959
"1548",1587,-96.6214602258495,32.68531990908
"1549",1588,-96.8817925701986,32.8663416958138
"1550",1589,-96.6932030756852,32.8817664736659
"1551",1590,-96.5986291560689,32.3108760451829
"1552",1591,-96.6600204917211,32.4160042580062
"1553",1592,-96.4733984463252,32.1997578330696
"1554",1593,-96.1507661819797,32.3309572070417
"1555",1594,-96.4643362169706,32.7538217243967
"1556",1595,-96.4891198480615,32.7700512862335
"1557",1596,-96.4889857448237,32.7699256565518
"1558",1597,-95.9213636253913,32.5994061708479
"1559",1598,-95.6564256348565,31.743622581084
"1560",1599,-95.2722209729612,31.9666367767117
"1561",1600,-95.2885280268448,31.9590761951892
"1562",1601,-95.0726066,31.6504772
"1563",1602,-94.7735908429608,31.3846382915666
"1564",1603,-94.6785977737795,31.6526793234225
"1565",1604,-94.6763945230057,31.5686396632611
"1566",1605,-94.672733287277,31.5757193780067
"1567",1606,-94.6797597425063,31.6539141670467
"1568",1607,-94.678045079815,31.7145085204276
"1569",1608,-94.7862289428553,32.150465678312
"1570",1609,-95.7560861332597,32.5420796674898
"1571",1610,-95.5220843777485,32.4835467937844
"1572",1611,-94.8629929635155,32.4312194817945
"1573",1612,-94.7077946950757,32.4530338529388
"1574",1613,-94.6664174853246,32.4601660689268
"1575",1614,-94.9517488816265,32.8568659881818
"1576",1615,-94.7258720746199,33.0339091680614
"1577",1616,-97.1768780432152,33.2300995306828
"1578",1617,-97.177858590872,33.262182917562
"1579",1618,-97.3550402571042,33.2408415608558
"1580",1619,-97.1777413253704,33.297841431369
"1581",1620,-97.1582006308797,33.6850246991136
"1582",1621,-96.58674242894,33.3444900132583
"1583",1622,-96.5865966142674,33.3454227548887
"1584",1623,-96.180126557636,33.0427435096961
"1585",1624,-96.1786595104356,33.0445160117368
"1586",1625,-96.0966885323366,33.1144493979625
"1587",1626,-96.096256830456,33.119969707218
"1588",1627,-95.5541583576359,33.6906066033879
"1589",1628,-94.9704996676383,33.1773224714657
"1590",1629,-95.2345195495359,33.1628646761124
"1591",1630,-95.2180930296562,33.1627489054288
"1592",1631,-94.156145136863,30.0389479446693
"1593",1632,-93.8208395907944,30.1112600473812
"1594",1633,-93.7837005726828,30.2746176990958
"1595",1634,-93.8198969767905,30.1152460667082
"1596",1635,-93.969041844795,30.4421280702624
"1597",1636,-93.9685886421333,30.4432558930924
"1598",1637,-93.9873080838895,30.9148808350109
"1599",1638,-94.3319717141775,32.1296076156479
"1600",1639,-94.3244529218837,32.1475184186167
"1601",1640,-94.3384471787647,32.1831163397213
"1602",1641,-94.3549245240706,32.4912841378521
"1603",1642,-94.3578736944259,33.0068972738256
"1604",1643,-94.2898575829505,33.474466691837
"1605",1644,-94.2035313531089,33.4654384125298
"1606",1645,-94.4092639006874,33.4760075225878
"1607",1646,-94.1528905962072,33.2600285258803
"1608",1647,-97.655507163076,26.1406684155619
"1609",1648,-97.8109910402195,27.2908753215011
"1610",1649,-97.8164018705536,27.3030547910717
"1611",1650,-104.856668260423,31.0356627017568
"1612",1651,-104.501484242267,31.0623994350432
"1613",1652,-104.818927139118,31.0392689211368
"1614",1653,-104.83084082943,31.0363821169926
"1615",1654,-102.405654084979,30.1443067356844
"1616",1655,-100.645796682906,30.580121325296
"1617",1656,-102.996887383647,31.5609982390292
"1618",1657,-101.805558284704,32.1373614389929
"1619",1658,-100.994042306633,31.8366129983129
"1620",1659,-100.44067045656,31.4200378687068
"1621",1660,-100.41269600754,31.4756622149912
"1622",1661,-100.866024732367,32.7046920455361
"1623",1662,-100.442118173217,32.4497051194591
"1624",1663,-100.443218948057,32.4497796355078
"1625",1664,-102.008345194241,33.5024395666462
"1626",1665,-101.797198742194,34.5293420529162
"1627",1666,-103.018580358579,36.3738528085576
"1628",1667,-102.427724891866,35.2354556151973
"1629",1668,-102.42797543308,35.236238320225
"1630",1669,-102.074006017516,36.3316247318767
"1631",1670,-102.07231349307,36.3326356898957
"1632",1671,-102.072833613583,36.331411533972
"1633",1672,-100.249156902245,35.2293737777436
"1634",1673,-100.249157922764,35.229772800709
"1635",1674,-98.144406566545,28.4877205916451
"1636",1675,-98.1861205692678,28.5204539411641
"1637",1676,-98.547906839237,28.4708013975347
"1638",1677,-97.6682795298385,27.7756474027431
"1639",1678,-97.6539790864579,27.7857965637101
"1640",1679,-97.5307259880986,28.0293005604712
"1641",1680,-98.6414618757065,29.2904288099263
"1642",1681,-98.616626537857,29.3096193513986
"1643",1682,-98.6681254917059,29.2787492935201
"1644",1683,-98.6668425676013,29.2801100806994
"1645",1684,-98.4129774404771,29.2171448828343
"1646",1685,-98.4137991279563,29.2184556973924
"1647",1686,-98.3808350731562,29.4387466124216
"1648",1687,-98.380463950433,29.4388680707674
"1649",1688,-98.3622277291735,29.4446265463095
"1650",1689,-98.3610303122067,29.445009982035
"1651",1690,-98.3686212397721,29.5458487195349
"1652",1691,-97.9370428757456,29.870953097014
"1653",1692,-98.073105717865,29.5402330093931
"1654",1693,-97.9519893990775,29.6012617594568
"1655",1694,-98.0324945631539,29.5608027307749
"1656",1695,-98.3473561758026,30.4246946190701
"1657",1696,-97.5461643081129,30.9190918067256
"1658",1697,-97.0466405356371,28.7022096588708
"1659",1698,-96.9664307364157,28.7790399109378
"1660",1699,-96.959022723217,28.7824253219378
"1661",1700,-95.8401710097416,29.0629090112308
"1662",1701,-96.1075475505482,29.3550845998447
"1663",1702,-96.9027420429352,29.6950182198683
"1664",1703,-96.7762246162548,29.6917352381418
"1665",1704,-96.2217526397405,29.7585145465181
"1666",1705,-96.1517749401981,29.7622944253468
"1667",1706,-96.1071889070389,29.7761276045716
"1668",1707,-96.3300166160251,29.741587205585
"1669",1708,-95.9058825713456,30.0652151073517
"1670",1709,-97.3317554103285,31.1395407869805
"1671",1710,-95.7780687821202,29.5323470863475
"1672",1711,-95.8589771254402,29.5334012214724
"1673",1712,-95.441913126245,30.1205538153634
"1674",1713,-95.4952892035599,30.4360027243561
"1675",1714,-99.8565570898149,32.4597274172424
"1676",1715,-99.8727637707908,32.4596613063169
"1677",1716,-97.3063636728091,31.5817939712551
"1678",1717,-98.1102621506653,32.61162665371
"1679",1718,-97.9152879027247,32.3902486427738
"1680",1719,-97.7432903615778,32.7442183046019
"1681",1720,-97.8245547941102,32.7284035983451
"1682",1721,-97.6776422489543,32.7489788922554
"1683",1722,-97.8222111960708,32.7284184357334
"1684",1723,-97.8227135423982,32.7284223190138
"1685",1724,-97.76376312851,32.7368851399151
"1686",1725,-99.260382561762,33.5948272042837
"1687",1726,-99.298296210864,34.1606791369406
"1688",1727,-98.4839868380865,33.8905765125299
"1689",1728,-98.4687501143501,33.8856575278924
"1690",1729,-97.1727776121027,31.4573342233558
"1691",1730,-97.1438056090361,31.5064012159721
"1692",1731,-97.1027469379398,31.7175716572977
"1693",1732,-97.1083262381283,31.6003427754268
"1694",1733,-96.1538417013152,31.5967689077527
"1695",1734,-96.1546721838136,31.5991695851364
"1696",1735,-96.6802314419331,32.5908788135917
"1697",1736,-96.694115992176,32.6218221880089
"1698",1737,-96.5350043564005,32.6473244998235
"1699",1738,-96.275592046513,32.7033076719264
"1700",1739,-96.2746503003715,32.6992416575702
"1701",1740,-96.318904009784,32.7204597311287
"1702",1741,-96.4195908580103,32.9193448977339
"1703",1742,-96.4491483817013,32.9079651904558
"1704",1743,-96.3220062531516,32.9733143749977
"1705",1744,-96.3218952503655,32.9733573232425
"1706",1745,-96.1498476840953,32.6695465082295
"1707",1746,-96.2435504616733,32.6930540169306
"1708",1747,-95.6427924563819,32.5065600802325
"1709",1748,-95.2671850941166,32.3416925950746
"1710",1749,-95.2915317707025,32.3905159751612
"1711",1750,-95.2832892784866,32.4530822388913
"1712",1751,-95.3878324153814,32.4689734029157
"1713",1752,-95.267925137164,32.3822723689019
"1714",1753,-95.2058753068223,32.4250585338764
"1715",1754,-95.1371774444668,32.4398223594159
"1716",1755,-97.1654467234931,33.4376097136417
"1717",1756,-96.8854614116475,33.674554336079
"1718",1757,-96.3370227502746,33.4365097820707
"1719",1758,-95.6348428137872,33.1178168936185
"1720",1759,-95.1118438353502,33.1602544569478
"1721",1760,-94.3840470864093,29.8206299427263
"1722",1761,-94.3839939006223,29.8315502413848
"1723",1762,-94.3839974184183,29.8332617311131
"1724",1763,-94.0439551748592,30.1130284622311
"1725",1764,-94.3867032536455,30.6691317466001
"1726",1765,-94.3993011010815,31.9062441754164
"1727",1766,-94.0984698154922,33.3946777986508
"1728",1767,-93.4559649394589,32.9371432988156
"1729",1768,-90.8125994041995,29.678775459862
"1730",1769,-90.8230371548809,29.7430378989239
"1731",1770,-93.6604920835525,32.3777658295021
"1732",1771,-93.8998458587817,32.4451645570558
"1733",1772,-93.76724,32.533742
"1734",1773,-93.8866196171828,32.6258405571893
"1735",1774,-93.899989823804,32.4445795274212
"1736",1775,-91.8442445241365,30.9913185839101
"1737",1776,-92.767779899098,32.5467462947612
"1738",1777,-89.7634136845735,30.2472813895717
"1739",1778,-89.7633974976822,30.2473239610959
"1740",1779,-89.7510538475501,30.2846645200632
"1741",1780,-90.8783978383906,30.1697163406538
"1742",1781,-90.8784561314334,30.1696500466052
"1743",1782,-93.4671010354136,33.0181260606676
"1744",1783,-90.9324769523647,30.0943294178446
"1745",1784,-90.2997699451039,29.9739937353709
"1746",1785,-90.2989204105367,29.9742248391834
"1747",1786,-93.6649633772146,30.3187478066517
"1748",1787,-93.3587074884938,30.2157137662164
"1749",1788,-93.3761783025189,30.2132020586902
"1750",1789,-91.1992515407305,32.396428338522
"1751",1790,-91.1992517307284,32.3964695680611
"1752",1791,-91.1992472980964,32.3883481939792
"1753",1792,-91.1992477344697,32.3886017269114
"1754",1793,-90.8162081491021,29.7742597496826
"1755",1794,-90.859161996768,29.7845023190015
"1756",1795,-90.8211086320359,29.7995284234145
"1757",1796,-90.5042200307833,30.5774084934472
"1758",1797,-90.5042195536422,30.5773698450168
"1759",1798,-91.4670570577298,31.5754197703832
"1760",1799,-93.6392015727176,30.1540193423071
"1761",1800,-93.6403417542138,30.1535277737989
"1762",1801,-93.6381061074525,30.1582122408984
"1763",1802,-93.6379372071489,30.1610051676915
"1764",1803,-93.5855178893136,30.1770748067451
"1765",1804,-93.5892152112927,30.1754860747679
"1766",1805,-92.1919990000002,32.510829
"1767",1806,-90.2087585928846,29.9102633276564
"1768",1807,-92.460420976055,31.1660104021175
"1769",1808,-90.9599367856135,32.3202025811001
"1770",1809,-96.6861639340838,34.774443762086
"1771",1810,-96.6699364235246,34.7768300425245
"1772",1811,-94.9536289031737,36.6981527084322
"1773",1812,-94.9296126127138,36.7074871270711
"1774",1813,-99.2996902207675,34.6377123630573
"1775",1814,-99.3339073101921,34.6440200776169
"1776",1815,-98.6525593249709,36.7976000062108
"1777",1816,-95.6350567056188,34.2318307518897
"1778",1817,-97.163798,34.20206
"1779",1818,-97.14092870776,34.174504866675
"1780",1819,-97.1663646257798,34.1866129825614
"1781",1820,-96.125999316573,34.3914981215307
"1782",1821,-96.140452653525,34.3665469227651
"1783",1822,-96.140680255057,34.3660832710397
"1784",1823,-100.519530786722,36.8097696574377
"1785",1824,-95.2200370806834,36.5662836340878
"1786",1825,-97.3436035722611,36.5336925922704
"1787",1826,-97.337280582193,36.8112293350657
"1788",1827,-102.502463255774,36.7295850357544
"1789",1828,-102.5003,36.729583
"1790",1829,-97.3407350454502,36.9390501305058
"1791",1830,-94.7395994356303,34.0047782465046
"1792",1831,-94.7396136270446,34.0222672879679
"1793",1832,-99.6303538404797,36.8413535369582
"1794",1833,-96.416509,33.954173
"1795",1834,-98.2386032971017,35.5333170054071
"1796",1835,-98.2376644345577,35.5350778654941
"1797",1836,-96.8804388544166,35.7198019999293
"1798",1837,-95.5378050107773,35.4761108928349
"1799",1838,-95.5272482572321,35.4575076045195
"1800",1839,-95.5304535844504,35.4717872171582
"1801",1840,-98.3601643219502,36.7396185699166
"1802",1841,-98.9554749169425,36.1695419627452
"1803",1842,-97.9701779429382,35.0629117721506
"1804",1843,-97.88921579895,35.0808142185534
"1805",1844,-97.936840914992,35.0373977346698
"1806",1845,-97.945838950073,35.0523858927576
"1807",1846,-97.2653731244019,35.3928438605657
"1808",1847,-95.3417835025434,36.163483724562
"1809",1848,-98.9676324818713,35.4912653044402
"1810",1849,-98.8709116226673,35.5160502068507
"1811",1850,-96.4986206630972,33.8790864814324
"1812",1851,-97.9642113199348,34.3682528006591
"1813",1852,-95.9150291812493,36.9103216855429
"1814",1853,-95.9353809754295,36.814512666045
"1815",1854,-97.9474414050141,34.5009231569753
"1816",1855,-96.4165094948998,33.9536747363665
"1817",1856,-96.3815611708194,33.9920644263992
"1818",1857,-96.3729397768153,34.0020774357624
"1819",1858,-97.4333513025831,35.5936908344123
"1820",1859,-97.8478881616072,35.5001008988623
"1821",1860,-97.9376421659934,35.5080197734158
"1822",1861,-99.3817009982369,35.4089514731017
"1823",1862,-99.4706439319305,35.4081921307475
"1824",1863,-99.4045486001729,35.3924197544328
"1825",1864,-99.4160066420849,35.4116963617228
"1826",1865,-99.3728108601931,35.4230047253295
"1827",1866,-97.8899931192288,36.3606377554548
"1828",1867,-97.81922527468,36.3973396364655
"1829",1868,-99.8696398371138,35.2261112627932
"1830",1869,-95.587540988867,35.3062134029434
"1831",1870,-98.4737199614822,36.36038367084
"1832",1871,-98.4799195537875,36.2723110657586
"1833",1872,-99.1713980454045,35.4435211791534
"1834",1873,-95.0311215289239,33.8713367811728
"1835",1874,-96.011694122216,35.9589049802714
"1836",1875,-95.5234883807055,33.9380034253364
"1837",1876,-97.3921746814141,35.8780764281992
"1838",1877,-97.4253795462267,35.8654640406438
"1839",1878,-97.3961382782378,35.8780720681625
"1840",1879,-97.3924421215699,35.8780723263563
"1841",1880,-101.466520725402,36.6895106224436
"1842",1881,-101.466951854562,36.6887900424591
"1843",1882,-101.481302484869,36.6775209347927
"1844",1883,-95.9348877692786,35.2702736751015
"1845",1884,-94.7292000033331,33.7472155475037
"1846",1885,-94.6049591637501,34.9098671786532
"1847",1886,-97.8989006773165,36.1171760969085
"1848",1887,-97.899009501897,36.1025416891021
"1849",1888,-95.9768053889975,35.4398411005532
"1850",1889,-98.3506258642664,35.5265596209309
"1851",1890,-99.9144911819723,34.6817741565461
"1852",1891,-101.209178345364,36.8592211588466
"1853",1892,-96.2521779976834,35.9451306390859
"1854",1893,-97.932508328126,35.8321510543266
"1855",1894,-97.9326566871613,35.8594696265958
"1856",1895,-98.3848623765298,34.5942925861527
"1857",1896,-98.4020367384276,34.7131716054372
"1858",1897,-97.6087984102867,34.8369704079258
"1859",1898,-96.7702190315708,34.0865502133486
"1860",1899,-99.5026605539279,34.8765458291204
"1861",1900,-97.1324870062166,33.9403711733232
"1862",1901,-97.9578119076484,34.6400617206291
"1863",1902,-97.9578033772515,34.6566687475383
"1864",1903,-95.7638566243565,34.8965556684003
"1865",1904,-97.0883487885205,35.3838598218925
"1866",1905,-94.8678575253704,36.8710345780169
"1867",1906,-94.5977416342149,35.3931863103492
"1868",1907,-95.402649535532,35.7127430035488
"1869",1908,-95.4025784629574,35.7255975708732
"1870",1909,-95.4023725975384,35.7683430146052
"1871",1910,-95.4024345328844,35.7858020022708
"1872",1911,-98.9934817691924,35.291262102067
"1873",1912,-97.499122,35.182664
"1874",1913,-95.6296547688034,36.7183880103012
"1875",1914,-95.9353492161994,36.6039606513336
"1876",1915,-96.2996547745177,35.42414689027
"1877",1916,-96.3006096055505,35.4221315041019
"1878",1917,-97.6903105429527,35.4600880123594
"1879",1918,-97.4948987491729,35.3770467825412
"1880",1919,-97.4419558228587,35.3912222971106
"1881",1920,-97.4417690987847,35.3912219611032
"1882",1921,-97.4783389848074,35.4640564065979
"1883",1922,-97.4653730359935,35.4779886561762
"1884",1923,-97.4348560241847,35.5913353097304
"1885",1924,-97.4321439055242,35.5955708136767
"1886",1925,-97.431598223954,35.596431397597
"1887",1926,-97.5744854437605,35.3780625013646
"1888",1927,-97.4949024974917,35.3778762212643
"1889",1928,-97.2668366796169,35.3934744739261
"1890",1929,-97.6886650292104,35.4601016050582
"1891",1930,-97.5497747502341,35.5801277081019
"1892",1931,-97.4341472358042,35.5924448628349
"1893",1932,-97.4733562153734,35.4639852081839
"1894",1933,-97.6891578647387,35.4600981563548
"1895",1934,-97.6556122747942,35.460289225171
"1896",1935,-97.6905833189138,35.4600856118298
"1897",1936,-95.9618783480128,35.6474547867068
"1898",1937,-95.7092084428589,36.4372456268386
"1899",1938,-97.2201650613533,34.6514586197709
"1900",1939,-97.2657460938968,34.7393346705486
"1901",1940,-97.2598632209743,34.7392685315423
"1902",1941,-97.2431373681443,34.7038922506138
"1903",1942,-97.2225779989239,34.7396122326043
"1904",1943,-96.7969235720643,36.2241781843218
"1905",1944,-97.3295548824017,36.2751172821242
"1906",1945,-97.3254117177994,36.2896515771131
"1907",1946,-97.327640801642,36.2902990369769
"1908",1947,-97.0445929976944,36.6805094831367
"1909",1948,-94.6324855251906,35.0977503779715
"1910",1949,-95.3353611247064,36.2513689548763
"1911",1950,-97.3723839342354,34.9820203512872
"1912",1951,-97.3659394208667,35.0147755765068
"1913",1952,-94.5223828154667,35.4050719135824
"1914",1953,-94.5296261421001,35.4051283909483
"1915",1954,-94.5216897545444,35.405069036578
"1916",1955,-94.9499869078909,36.2135335746225
"1917",1956,-94.807113464109,35.4479644937971
"1918",1957,-94.7619419727718,35.4532070401481
"1919",1958,-99.6420616950151,35.26645667457
"1920",1959,-99.5953180171433,35.3364482212423
"1921",1960,-98.9242112840237,36.1430698816568
"1922",1961,-96.6714562356274,35.3817610818156
"1923",1962,-96.6714566447054,35.3816449036785
"1924",1963,-96.9511775693905,35.3485253794848
"1925",1964,-97.0572722963266,35.3779337572621
"1926",1965,-96.8069232392366,35.3840600569263
"1927",1966,-96.9298583392558,35.3418707035507
"1928",1967,-97.1595629144179,34.3037418406222
"1929",1968,-97.3361900788137,36.1155320792079
"1930",1969,-96.0481804061661,34.4897481942346
"1931",1970,-96.6888297466839,35.7510201744707
"1932",1971,-94.96857,35.915183
"1933",1972,-96.9361560609856,35.260747935308
"1934",1973,-101.774263143423,36.5053560900464
"1935",1974,-97.1452131766211,33.7383380978273
"1936",1975,-97.350720555881,36.6953154849388
"1937",1976,-97.3457172521373,36.6510222718779
"1938",1977,-97.3486858909718,36.6953257065866
"1939",1978,-97.3439477177598,36.6952747269124
"1940",1979,-95.4211822106181,35.8521034233676
"1941",1980,-95.8308159927917,36.1640157759066
"1942",1981,-96.0494666194293,36.0781606098326
"1943",1982,-95.7933701128339,36.1624134938105
"1944",1983,-95.7975125437339,36.162423175522
"1945",1984,-95.7950179494229,36.1624206763785
"1946",1985,-101.468031755755,36.6894745061107
"1947",1986,-97.9368957292846,35.405867652023
"1948",1987,-95.101524453884,34.0037778117975
"1949",1988,-95.1478561183111,36.6231696148838
"1950",1989,-95.1479043921675,36.6231482043029
"1951",1990,-95.3951949054934,35.9443060650182
"1952",1991,-95.3936161184671,35.9621816050606
"1953",1992,-98.4086207890904,34.3708104135088
"1954",1993,-95.3078247372469,35.4794732306651
"1955",1994,-98.4197394352408,35.8412800451146
"1956",1995,-98.4158817909447,35.8412689822325
"1957",1996,-97.9819230410423,34.159088956288
"1958",1997,-98.6586831487767,35.5363120137662
"1959",1998,-95.1499334558319,35.4864172377398
"1960",1999,-94.5663119543126,36.1755958152398
"1961",2000,-99.4271866272949,36.4336098798496
"1962",2001,-99.3849024575294,36.4175719675507
"1963",2002,-99.4151836657863,36.4335118870091
"1964",2003,-94.726250231121,36.8048645963076
"1965",2004,-97.759717,35.507864
"1966",2005,-112.650804746778,38.2937629619793
"1967",2006,-112.64140333967,38.2883013378582
"1968",2007,-112.604476458377,38.6134476268786
"1969",2008,-112.059539990832,41.5085441918847
"1970",2009,-112.028414169824,41.4865640835327
"1971",2010,-113.056630523701,37.7238830068932
"1972",2011,-113.050172912273,37.7263457020631
"1973",2012,-111.818958660411,39.1369845624105
"1974",2013,-111.402556182452,40.912768558417
"1975",2014,-112.128826500243,41.5549127974095
"1976",2015,-112.579532041021,39.3523842506007
"1977",2016,-110.412094381912,40.1634219428399
"1978",2017,-112.349386669439,38.9487194012474
"1979",2018,-112.782261958964,40.7630769938705
"1980",2019,-110.184450929208,38.9912875342646
"1981",2020,-110.164614706349,38.9840651948397
"1982",2021,-111.408268616734,40.4880267290174
"1983",2022,-113.128015856219,37.0997796455337
"1984",2023,-113.434571346398,37.1605904815205
"1985",2024,-109.437714672126,40.3878634354007
"1986",2025,-112.514049127721,37.0425176008708
"1987",2026,-112.267043539603,40.6872554226899
"1988",2027,-111.860624780775,41.7356557633213
"1989",2028,-112.411158452055,38.8923792054795
"1990",2029,-109.342824311393,37.8732762722363
"1991",2030,-112.680809740071,37.2235811700312
"1992",2031,-111.840103264243,39.6786217727982
"1993",2032,-111.837506080941,39.6860423464491
"1994",2033,-111.840076175994,39.6786995858571
"1995",2034,-111.934505703121,40.8367166217383
"1996",2035,-112.012472667727,41.2298452127288
"1997",2036,-112.012003331584,41.2277596892277
"1998",2037,-112.019694135625,41.2447193615478
"1999",2038,-112.426223129834,37.8228424771159
"2000",2039,-111.497166431787,40.7316420744318
"2001",2040,-112.827649553073,37.859007586783
"2002",2041,-112.052953347569,41.4851603208024
"2003",2042,-112.167369832522,41.8864537193132
"2004",2043,-110.815470193097,39.6009494384792
"2005",2044,-112.081846,38.790116
"2006",2045,-112.086373386733,38.7526760872788
"2007",2046,-112.070941608548,38.7722794161383
"2008",2047,-112.149322263143,41.7842119980215
"2009",2048,-109.989331134853,40.2938838311543
"2010",2049,-110.011989990109,40.282788339149
"2011",2050,-111.854554551365,38.9351704282577
"2012",2051,-111.854555277954,38.9352342469303
"2013",2052,-111.870005848646,38.9567145217294
"2014",2053,-111.85357408153,38.9335973930529
"2015",2054,-111.915413336267,40.7255845982663
"2016",2055,-111.949152713476,40.7393544294924
"2017",2056,-111.938982107121,40.7400156058445
"2018",2057,-111.939214957236,40.7699728235289
"2019",2058,-112.264068806038,40.6907546585835
"2020",2059,-112.114029835481,39.252699163346
"2021",2060,-112.710038714644,41.9613295391473
"2022",2061,-111.640303957021,40.1881606988395
"2023",2062,-111.647752,40.161289
"2024",2063,-113.583703,37.060933
"2025",2064,-109.722493,38.961541
"2026",2065,-112.199941925424,41.7109301282422
"2027",2066,-112.141328269236,41.6832718581931
"2028",2067,-112.202027127801,41.7108894600307
"2029",2068,-112.187988143336,41.7112038876335
"2030",2069,-109.502520841926,40.4491828059612
"2031",2070,-113.524972773622,37.1286888013177
"2032",2071,-110.688950632241,39.5425646279319
"2033",2072,-114.042486,40.738108
"2034",2073,-113.970617783281,40.7420066481997
"2035",2074,-113.970802617769,40.7420262621052
"2036",2075,-112.053243279372,41.4229894019182
"2037",2076,-111.898248422007,40.8842402821343
